{
"type": "FeatureCollection",
"name": "southampton_greenspace",
"crs": { "type": "name", "properties": { "name": "urn:ogc:def:crs:OGC:1.3:CRS84" } },
"features": [
{ "type": "Feature", "properties": { "leisure": "park", "name": "Archery Recreation Ground", "access": "yes" }, "geometry": { "type": "Polygon", "coordinates": [ [ [ -1.3759971, 50.8918759 ], [ -1.3758967, 50.8920215 ], [ -1.3756887, 50.892158 ], [ -1.3755283, 50.8921823 ], [ -1.3752243, 50.8922282 ], [ -1.3749, 50.8922773 ], [ -1.3747199, 50.8923045 ], [ -1.3740838, 50.8923961 ], [ -1.373533, 50.8924754 ], [ -1.3735178, 50.8924553 ], [ -1.373012, 50.8917886 ], [ -1.374503, 50.891593 ], [ -1.3749767, 50.8915872 ], [ -1.3752768, 50.8914063 ], [ -1.3753304, 50.8913789 ], [ -1.3754262, 50.8914402 ], [ -1.3755139, 50.8914989 ], [ -1.3755322, 50.8915111 ], [ -1.3755492, 50.8915224 ], [ -1.3757107, 50.8916304 ], [ -1.3758428, 50.8917188 ], [ -1.3758618, 50.8917314 ], [ -1.3759518, 50.8918269 ], [ -1.3759971, 50.8918759 ] ] ] } },
{ "type": "Feature", "properties": { "leisure": "park", "name": "Mayfield Park", "access": "yes" }, "geometry": { "type": "Polygon", "coordinates": [ [ [ -1.3671353, 50.8914148 ], [ -1.366699, 50.891588 ], [ -1.3656936, 50.891948 ], [ -1.3655807, 50.8918249 ], [ -1.3651585, 50.891994 ], [ -1.3647913, 50.8924702 ], [ -1.3644538, 50.8927674 ], [ -1.3642729, 50.8930335 ], [ -1.3637416, 50.8931406 ], [ -1.3629563, 50.8928973 ], [ -1.3625217, 50.89293 ], [ -1.3619574, 50.8928904 ], [ -1.3617087, 50.8926681 ], [ -1.3610382, 50.8920911 ], [ -1.361688, 50.891874 ], [ -1.3635125, 50.8909338 ], [ -1.3642851, 50.8906049 ], [ -1.3658249, 50.8900987 ], [ -1.365888, 50.8902518 ], [ -1.3660424, 50.8903495 ], [ -1.3671353, 50.8914148 ] ] ] } },
{ "type": "Feature", "properties": { "leisure": "park", "name": "Rolling Mills", "access": "yes" }, "geometry": { "type": "Polygon", "coordinates": [ [ [ -1.3806328, 50.8881471 ], [ -1.381798, 50.8886755 ], [ -1.381689, 50.888773 ], [ -1.3814529, 50.8887428 ], [ -1.3813657, 50.8889428 ], [ -1.3811775, 50.8889871 ], [ -1.380843, 50.8889922 ], [ -1.3801373, 50.8888546 ], [ -1.3778162, 50.888344 ], [ -1.375469, 50.8878412 ], [ -1.3755044, 50.8877768 ], [ -1.3758769, 50.8871 ], [ -1.3749431, 50.8868539 ], [ -1.3745752, 50.8867431 ], [ -1.3746292, 50.886681 ], [ -1.3747589, 50.8864948 ], [ -1.3758507, 50.8868466 ], [ -1.3772583, 50.8871498 ], [ -1.378769, 50.8874747 ], [ -1.3806328, 50.8881471 ] ] ] } },
{ "type": "Feature", "properties": { "leisure": "park", "name": "Redbridge Wharf Park", "access": "yes" }, "geometry": { "type": "Polygon", "coordinates": [ [ [ -1.4737915, 50.9202376 ], [ -1.4736323, 50.9202164 ], [ -1.4729127, 50.9201703 ], [ -1.4728038, 50.9201564 ], [ -1.4724124, 50.9201064 ], [ -1.4719117, 50.9200404 ], [ -1.4716131, 50.9199907 ], [ -1.4713302, 50.9199278 ], [ -1.4712077, 50.9198952 ], [ -1.4710792, 50.9198522 ], [ -1.471141, 50.9197844 ], [ -1.4715229, 50.9199053 ], [ -1.472397, 50.9191433 ], [ -1.4724391, 50.9191066 ], [ -1.4710658, 50.9181975 ], [ -1.4711009, 50.9181835 ], [ -1.4711839, 50.9181505 ], [ -1.4715933, 50.9180893 ], [ -1.4735032, 50.9199475 ], [ -1.4737915, 50.9202376 ] ] ] } },
{ "type": "Feature", "properties": { "leisure": "park", "name": "Mayflower Park", "access": "yes" }, "geometry": { "type": "Polygon", "coordinates": [ [ [ -1.4108504, 50.8986358 ], [ -1.4107702, 50.8986128 ], [ -1.4107637, 50.8986207 ], [ -1.4103607, 50.8991103 ], [ -1.408752, 50.89854 ], [ -1.4080139, 50.8981773 ], [ -1.4076629, 50.8979496 ], [ -1.4073783, 50.8977563 ], [ -1.4070136, 50.897509 ], [ -1.4071131, 50.8973717 ], [ -1.4071578, 50.8973208 ], [ -1.4072161, 50.8972652 ], [ -1.4072099, 50.897166 ], [ -1.4071057, 50.8971038 ], [ -1.4072145, 50.8970258 ], [ -1.4073329, 50.896888 ], [ -1.4075144, 50.8966758 ], [ -1.4102517, 50.8975464 ], [ -1.4114225, 50.8979187 ], [ -1.4108504, 50.8986358 ] ] ] } },
{ "type": "Feature", "properties": { "leisure": "park", "name": null, "access": "yes" }, "geometry": { "type": "Polygon", "coordinates": [ [ [ -1.3837303, 50.9209177 ], [ -1.3836784, 50.9209356 ], [ -1.3836207, 50.9209554 ], [ -1.3835699, 50.9209751 ], [ -1.383437, 50.9210242 ], [ -1.3833074, 50.9210716 ], [ -1.3831534, 50.9211264 ], [ -1.3832305, 50.9212125 ], [ -1.3832599, 50.9213559 ], [ -1.3823353, 50.9217708 ], [ -1.3819008, 50.9219129 ], [ -1.3817506, 50.9219653 ], [ -1.3813833, 50.9221327 ], [ -1.3811731, 50.9219423 ], [ -1.3825604, 50.9212716 ], [ -1.3825436, 50.9212518 ], [ -1.3830077, 50.9210876 ], [ -1.3829985, 50.9210781 ], [ -1.3836696, 50.9208434 ], [ -1.3837303, 50.9209177 ] ] ] } },
{ "type": "Feature", "properties": { "leisure": "park", "name": "Southampton Common", "access": "yes" }, "geometry": { "type": "Polygon", "coordinates": [ [ [ -1.4176382, 50.9317615 ], [ -1.4179858, 50.9327911 ], [ -1.4183605, 50.9337471 ], [ -1.4183358, 50.933781 ], [ -1.418211, 50.9338421 ], [ -1.4175014, 50.9339728 ], [ -1.4165565, 50.9340185 ], [ -1.4165627, 50.9339556 ], [ -1.4160005, 50.9339252 ], [ -1.4152823, 50.933886 ], [ -1.4148724, 50.933889 ], [ -1.4142851, 50.934093 ], [ -1.4138739, 50.9342683 ], [ -1.4134511, 50.9343935 ], [ -1.4128937, 50.9345013 ], [ -1.4124006, 50.9346295 ], [ -1.4119072, 50.9347857 ], [ -1.4117969, 50.9348309 ], [ -1.4117323, 50.9348509 ], [ -1.4116603, 50.9348746 ], [ -1.4114425, 50.9349303 ], [ -1.4111819, 50.9349696 ], [ -1.4108703, 50.9349928 ], [ -1.4103795, 50.9350179 ], [ -1.4099063, 50.9350587 ], [ -1.4089142, 50.9351239 ], [ -1.4074291, 50.9355574 ], [ -1.4071259, 50.9356618 ], [ -1.4067326, 50.9357551 ], [ -1.4065319, 50.9358018 ], [ -1.4062392, 50.9358304 ], [ -1.4061747, 50.9358676 ], [ -1.405007, 50.9362011 ], [ -1.4041063, 50.9364303 ], [ -1.4039098, 50.9363917 ], [ -1.4034332, 50.9364794 ], [ -1.4034052, 50.9364865 ], [ -1.4028173, 50.9366356 ], [ -1.4012448, 50.9370377 ], [ -1.4004906, 50.9372952 ], [ -1.4000032, 50.9374616 ], [ -1.4000582, 50.9375625 ], [ -1.3995584, 50.9377053 ], [ -1.3994328, 50.9377364 ], [ -1.3993079, 50.937756 ], [ -1.3990833, 50.9377761 ], [ -1.3990657, 50.9374696 ], [ -1.399126, 50.9373346 ], [ -1.3992659, 50.9371158 ], [ -1.3994136, 50.9368832 ], [ -1.3995593, 50.9364093 ], [ -1.3998162, 50.9361488 ], [ -1.3998665, 50.9358431 ], [ -1.4001444, 50.9352732 ], [ -1.4006551, 50.9343448 ], [ -1.4006888, 50.9341961 ], [ -1.4007889, 50.9340505 ], [ -1.400784, 50.9340063 ], [ -1.400767, 50.9339388 ], [ -1.4009096, 50.9338723 ], [ -1.4011911, 50.9336002 ], [ -1.4012797, 50.9334499 ], [ -1.402156, 50.9322923 ], [ -1.4022401, 50.9322771 ], [ -1.4024182, 50.9324092 ], [ -1.4025132, 50.9323135 ], [ -1.4025375, 50.9322195 ], [ -1.4025769, 50.9321571 ], [ -1.4026637, 50.9320196 ], [ -1.402709, 50.9319239 ], [ -1.40274, 50.9318151 ], [ -1.4027991, 50.9315608 ], [ -1.4028634, 50.9313766 ], [ -1.4029322, 50.9312043 ], [ -1.4029961, 50.9310062 ], [ -1.4030421, 50.9308431 ], [ -1.4031285, 50.9306614 ], [ -1.4032033, 50.9305127 ], [ -1.4032743, 50.9303731 ], [ -1.403356, 50.9302099 ], [ -1.4033733, 50.930172 ], [ -1.4034541, 50.9299955 ], [ -1.4034978, 50.9298859 ], [ -1.4036141, 50.929675 ], [ -1.4037556, 50.929412 ], [ -1.4039275, 50.9290932 ], [ -1.4040682, 50.9288583 ], [ -1.4042232, 50.9286391 ], [ -1.4043406, 50.928499 ], [ -1.4044398, 50.9284261 ], [ -1.4045553, 50.9283788 ], [ -1.4045134, 50.9282345 ], [ -1.4044057, 50.9282294 ], [ -1.4043142, 50.9282036 ], [ -1.4042594, 50.9281701 ], [ -1.4044289, 50.9278148 ], [ -1.4045626, 50.9274549 ], [ -1.4046166, 50.9270424 ], [ -1.4046939, 50.92654 ], [ -1.4047238, 50.9259314 ], [ -1.4047119, 50.9255496 ], [ -1.4045453, 50.9252445 ], [ -1.4043147, 50.9249267 ], [ -1.4042693, 50.9245579 ], [ -1.4042422, 50.9244083 ], [ -1.403988, 50.9241282 ], [ -1.4042647, 50.9240114 ], [ -1.4043394, 50.9239638 ], [ -1.4045564, 50.9233549 ], [ -1.4045883, 50.9232208 ], [ -1.4046817, 50.9230034 ], [ -1.4045561, 50.9225217 ], [ -1.404469, 50.922266 ], [ -1.4044505, 50.9221469 ], [ -1.4046696, 50.9221262 ], [ -1.4052017, 50.9220577 ], [ -1.4051341, 50.9216847 ], [ -1.4054253, 50.9216609 ], [ -1.4057351, 50.9217303 ], [ -1.4058129, 50.9216525 ], [ -1.4056696, 50.9216124 ], [ -1.4057488, 50.9215378 ], [ -1.4067696, 50.9213581 ], [ -1.4068666, 50.921341 ], [ -1.4070388, 50.9216251 ], [ -1.4072858, 50.9217284 ], [ -1.4075645, 50.9217372 ], [ -1.4077507, 50.9218907 ], [ -1.4082032, 50.9219002 ], [ -1.4090453, 50.9217367 ], [ -1.4097165, 50.9215706 ], [ -1.4101407, 50.9213996 ], [ -1.4101985, 50.9213763 ], [ -1.4107341, 50.9210735 ], [ -1.4107605, 50.9210586 ], [ -1.4112734, 50.9207198 ], [ -1.4114046, 50.9206314 ], [ -1.4118277, 50.9203461 ], [ -1.4122503, 50.9200611 ], [ -1.4125972, 50.9198272 ], [ -1.4130638, 50.9195771 ], [ -1.4132616, 50.9194711 ], [ -1.4137216, 50.9192175 ], [ -1.4152475, 50.9188503 ], [ -1.4152511, 50.9188733 ], [ -1.4153031, 50.9194644 ], [ -1.4148515, 50.9193192 ], [ -1.4143486, 50.9193643 ], [ -1.4136339, 50.9196462 ], [ -1.4131191, 50.9199274 ], [ -1.4128707, 50.9201311 ], [ -1.4127482, 50.9203032 ], [ -1.4127235, 50.9204656 ], [ -1.4113412, 50.9211434 ], [ -1.4111784, 50.9212907 ], [ -1.4109191, 50.9216182 ], [ -1.4105356, 50.9222034 ], [ -1.4102823, 50.9227051 ], [ -1.4102362, 50.9227963 ], [ -1.4103255, 50.9229252 ], [ -1.4104142, 50.9230534 ], [ -1.4105098, 50.9231914 ], [ -1.4107063, 50.9232615 ], [ -1.4108893, 50.9233267 ], [ -1.4113052, 50.9233261 ], [ -1.4118679, 50.9233328 ], [ -1.4133002, 50.9233498 ], [ -1.4141427, 50.9235083 ], [ -1.4142266, 50.9235235 ], [ -1.4147257, 50.9236175 ], [ -1.4147175, 50.9239436 ], [ -1.414828, 50.9245795 ], [ -1.4150028, 50.9245519 ], [ -1.4150024, 50.9253793 ], [ -1.415038, 50.9256527 ], [ -1.4151636, 50.9260463 ], [ -1.4156544, 50.9271288 ], [ -1.4157321, 50.9273123 ], [ -1.4157546, 50.9273567 ], [ -1.4158522, 50.9275151 ], [ -1.4160086, 50.9278243 ], [ -1.4168211, 50.9299177 ], [ -1.4175084, 50.9314405 ], [ -1.4175903, 50.9316333 ], [ -1.4176382, 50.9317615 ] ] ] } },
{ "type": "Feature", "properties": { "leisure": "park", "name": "Bentley Green Park", "access": "yes" }, "geometry": { "type": "Polygon", "coordinates": [ [ [ -1.3414869, 50.921753 ], [ -1.3413344, 50.9218567 ], [ -1.3413562, 50.9218689 ], [ -1.341378, 50.921881 ], [ -1.3408121, 50.9222254 ], [ -1.3407258, 50.9222565 ], [ -1.3406613, 50.9222737 ], [ -1.3406343, 50.9222733 ], [ -1.3406015, 50.9222692 ], [ -1.3405677, 50.9222568 ], [ -1.3405434, 50.9222457 ], [ -1.3405221, 50.9222267 ], [ -1.3404886, 50.9221283 ], [ -1.3404769, 50.922114 ], [ -1.3404682, 50.9221033 ], [ -1.3404593, 50.9220924 ], [ -1.3404408, 50.922074 ], [ -1.3409694, 50.9214935 ], [ -1.3414869, 50.921753 ] ], [ [ -1.3409866, 50.9219296 ], [ -1.3409941, 50.9218913 ], [ -1.3409657, 50.9218543 ], [ -1.3409088, 50.9218435 ], [ -1.3408557, 50.9218435 ], [ -1.3408007, 50.9218483 ], [ -1.3407267, 50.9218423 ], [ -1.3406793, 50.9218495 ], [ -1.3406338, 50.9218818 ], [ -1.3406395, 50.9219069 ], [ -1.3405788, 50.921944 ], [ -1.3405541, 50.9219906 ], [ -1.3405902, 50.9220181 ], [ -1.3406926, 50.9220241 ], [ -1.3409183, 50.9219475 ], [ -1.3409866, 50.9219296 ] ] ] } },
{ "type": "Feature", "properties": { "leisure": "nature_reserve", "name": "Millers Pond Local Nature Reserve", "access": "yes" }, "geometry": { "type": "Polygon", "coordinates": [ [ [ -1.361513, 50.8974337 ], [ -1.3614228, 50.8974381 ], [ -1.3604429, 50.8974932 ], [ -1.3603782, 50.8974968 ], [ -1.3597699, 50.8975437 ], [ -1.3585474, 50.8976639 ], [ -1.3584446, 50.8976691 ], [ -1.3582493, 50.897679 ], [ -1.3580903, 50.8978291 ], [ -1.3579501, 50.8977659 ], [ -1.357642, 50.8976034 ], [ -1.3562448, 50.8969086 ], [ -1.3564005, 50.8968223 ], [ -1.3564986, 50.896675 ], [ -1.3565312, 50.8965381 ], [ -1.3565149, 50.8962965 ], [ -1.3565593, 50.8962141 ], [ -1.3567601, 50.8961272 ], [ -1.3572598, 50.8959504 ], [ -1.3578552, 50.8957428 ], [ -1.3580233, 50.895675 ], [ -1.3580754, 50.895637 ], [ -1.3582171, 50.8955336 ], [ -1.3593192, 50.895407 ], [ -1.3596461, 50.8953628 ], [ -1.3601458, 50.8953039 ], [ -1.3605474, 50.8952612 ], [ -1.3611989, 50.8955012 ], [ -1.3620235, 50.895765 ], [ -1.3620302, 50.8958868 ], [ -1.3620315, 50.8960737 ], [ -1.3621053, 50.896226 ], [ -1.3621227, 50.8962542 ], [ -1.3621027, 50.8962628 ], [ -1.361844, 50.8964116 ], [ -1.3616629, 50.8966389 ], [ -1.3615638, 50.8970286 ], [ -1.3615951, 50.897139 ], [ -1.3614948, 50.8973225 ], [ -1.361513, 50.8974337 ] ] ] } },
{ "type": "Feature", "properties": { "leisure": "nature_reserve", "name": "Lower Test Nature Reserve", "access": "yes" }, "geometry": { "type": "Polygon", "coordinates": [ [ [ -1.490768, 50.9333724 ], [ -1.4906067, 50.9334006 ], [ -1.490547, 50.933411 ], [ -1.4902971, 50.9334546 ], [ -1.4901891, 50.9334735 ], [ -1.4899654, 50.9335126 ], [ -1.4898526, 50.9338167 ], [ -1.4897245, 50.9341618 ], [ -1.4895613, 50.9343867 ], [ -1.489512, 50.9344546 ], [ -1.4887965, 50.9346716 ], [ -1.4886694, 50.9347102 ], [ -1.4886251, 50.9347237 ], [ -1.4885197, 50.9347557 ], [ -1.4880796, 50.9348892 ], [ -1.4880087, 50.9349981 ], [ -1.4877428, 50.9354068 ], [ -1.4876601, 50.9355241 ], [ -1.4876182, 50.9355982 ], [ -1.4874167, 50.9359079 ], [ -1.4877716, 50.9362854 ], [ -1.4881602, 50.9367063 ], [ -1.4886066, 50.9367951 ], [ -1.489794, 50.9370312 ], [ -1.4897403, 50.9371457 ], [ -1.4894336, 50.9377994 ], [ -1.4890728, 50.9377617 ], [ -1.4889828, 50.9378038 ], [ -1.4889111, 50.9381326 ], [ -1.4887046, 50.9379867 ], [ -1.4885036, 50.9378385 ], [ -1.4884222, 50.9379448 ], [ -1.4883874, 50.9379911 ], [ -1.4876223, 50.9374994 ], [ -1.487288, 50.9371223 ], [ -1.4870893, 50.9368505 ], [ -1.487288, 50.9363223 ], [ -1.4867671, 50.9363055 ], [ -1.4859556, 50.9363803 ], [ -1.485211, 50.9372005 ], [ -1.4851986, 50.9372161 ], [ -1.4850789, 50.9371794 ], [ -1.4838419, 50.9368 ], [ -1.4837743, 50.9367522 ], [ -1.4816178, 50.9352253 ], [ -1.4813008, 50.9351427 ], [ -1.4805437, 50.9349456 ], [ -1.4802073, 50.934858 ], [ -1.4795039, 50.9346748 ], [ -1.4778622, 50.9331747 ], [ -1.477836, 50.9331553 ], [ -1.477683, 50.9329971 ], [ -1.4775566, 50.9328582 ], [ -1.4774427, 50.932733 ], [ -1.4772331, 50.9324767 ], [ -1.4770976, 50.9322806 ], [ -1.4767494, 50.9318436 ], [ -1.4763704, 50.9313776 ], [ -1.476124, 50.9310087 ], [ -1.4759668, 50.9307484 ], [ -1.4758436, 50.9305038 ], [ -1.4758141, 50.9304314 ], [ -1.475708, 50.9301931 ], [ -1.4756282, 50.9299673 ], [ -1.4755652, 50.9297521 ], [ -1.4755143, 50.9295279 ], [ -1.4754757, 50.9292896 ], [ -1.4754702, 50.9292423 ], [ -1.4754493, 50.9290615 ], [ -1.4754394, 50.9288989 ], [ -1.4754447, 50.9286273 ], [ -1.4754643, 50.9282963 ], [ -1.4754844, 50.927957 ], [ -1.4754892, 50.9278686 ], [ -1.4755049, 50.9275825 ], [ -1.475531, 50.9271061 ], [ -1.4755478, 50.9267983 ], [ -1.4755591, 50.9264643 ], [ -1.475595, 50.9254 ], [ -1.4756204, 50.924646 ], [ -1.4755407, 50.9242552 ], [ -1.4754362, 50.9237432 ], [ -1.475363, 50.9233841 ], [ -1.4751742, 50.9227186 ], [ -1.474753, 50.9217948 ], [ -1.474781, 50.92178 ], [ -1.4747663, 50.9217536 ], [ -1.4750322, 50.9216841 ], [ -1.4754781, 50.9215661 ], [ -1.475489, 50.9216074 ], [ -1.4759723, 50.9215103 ], [ -1.4764405, 50.9213691 ], [ -1.4764323, 50.9213222 ], [ -1.4766353, 50.9212304 ], [ -1.4766903, 50.9212543 ], [ -1.4768124, 50.9212367 ], [ -1.4770226, 50.9210868 ], [ -1.4771671, 50.9209785 ], [ -1.4772447, 50.9209464 ], [ -1.4772742, 50.9209244 ], [ -1.4773686, 50.920827 ], [ -1.4774199, 50.9207864 ], [ -1.4775073, 50.9207408 ], [ -1.4781909, 50.9206048 ], [ -1.478619, 50.9205114 ], [ -1.478836, 50.9204424 ], [ -1.4790729, 50.9203401 ], [ -1.4793705, 50.9201927 ], [ -1.4798119, 50.9199759 ], [ -1.4803759, 50.9196877 ], [ -1.4811859, 50.9193074 ], [ -1.4812144, 50.9193333 ], [ -1.4812546, 50.9193688 ], [ -1.4813036, 50.9193442 ], [ -1.4813287, 50.9193315 ], [ -1.481821, 50.9190833 ], [ -1.4820665, 50.9188973 ], [ -1.4822033, 50.9187937 ], [ -1.4827156, 50.9191719 ], [ -1.4832161, 50.9198511 ], [ -1.4837319, 50.9201464 ], [ -1.4837347, 50.920148 ], [ -1.483893, 50.9201005 ], [ -1.4844959, 50.9209792 ], [ -1.4847641, 50.9212497 ], [ -1.4850178, 50.9221536 ], [ -1.4855114, 50.922972 ], [ -1.4858799, 50.9236236 ], [ -1.485971, 50.9244177 ], [ -1.4860092, 50.9245028 ], [ -1.4861094, 50.9244716 ], [ -1.4861749, 50.9248235 ], [ -1.4863952, 50.9248112 ], [ -1.4869874, 50.9247781 ], [ -1.486953, 50.9248754 ], [ -1.4869999, 50.9248915 ], [ -1.4869654, 50.9250323 ], [ -1.4868366, 50.9250303 ], [ -1.4868338, 50.9251019 ], [ -1.4868905, 50.9251028 ], [ -1.4868744, 50.9251741 ], [ -1.4871983, 50.9251838 ], [ -1.4869825, 50.9254147 ], [ -1.4869487, 50.9254505 ], [ -1.4869023, 50.9254938 ], [ -1.4868276, 50.9255744 ], [ -1.4867822, 50.9256314 ], [ -1.4866752, 50.9257923 ], [ -1.4866073, 50.9259552 ], [ -1.4865027, 50.9262646 ], [ -1.4864748, 50.926328 ], [ -1.4864664, 50.9263683 ], [ -1.4864387, 50.9264207 ], [ -1.4864479, 50.9264933 ], [ -1.486532, 50.9267735 ], [ -1.4866204, 50.9271241 ], [ -1.4866992, 50.9272442 ], [ -1.487021, 50.9274484 ], [ -1.487323, 50.9276733 ], [ -1.4875091, 50.9279754 ], [ -1.4876919, 50.9282641 ], [ -1.487763, 50.9283217 ], [ -1.4877849, 50.928508 ], [ -1.487809, 50.9285797 ], [ -1.4879382, 50.9288789 ], [ -1.4877511, 50.9290995 ], [ -1.4878364, 50.9291067 ], [ -1.4878917, 50.9291114 ], [ -1.487976, 50.9291186 ], [ -1.4880686, 50.9291265 ], [ -1.4882017, 50.9291951 ], [ -1.4882575, 50.9292239 ], [ -1.4883725, 50.9295736 ], [ -1.4884549, 50.9298244 ], [ -1.4886008, 50.9302572 ], [ -1.4887967, 50.9303774 ], [ -1.4889269, 50.9304573 ], [ -1.4891513, 50.9305237 ], [ -1.4893475, 50.9305817 ], [ -1.4895971, 50.9307468 ], [ -1.4898625, 50.9309225 ], [ -1.4898827, 50.9309612 ], [ -1.4899679, 50.9311248 ], [ -1.4900599, 50.9313012 ], [ -1.4901045, 50.9314474 ], [ -1.4901457, 50.9315825 ], [ -1.4901202, 50.9317634 ], [ -1.4901118, 50.9318227 ], [ -1.4902573, 50.9318367 ], [ -1.4903023, 50.9318999 ], [ -1.4903689, 50.9319936 ], [ -1.4907136, 50.9323804 ], [ -1.4908847, 50.9325227 ], [ -1.4912212, 50.9326157 ], [ -1.4914246, 50.9326157 ], [ -1.4917246, 50.9327014 ], [ -1.4919676, 50.9327708 ], [ -1.490768, 50.9333724 ] ] ] } },
{ "type": "Feature", "properties": { "leisure": "park", "name": "Daisy Dip Park", "access": "yes" }, "geometry": { "type": "MultiPolygon", "coordinates": [ [ [ [ -1.3885262, 50.9400089 ], [ -1.3885518, 50.9400268 ], [ -1.3885712, 50.9400461 ], [ -1.3885715, 50.940069 ], [ -1.3885492, 50.9400937 ], [ -1.3885331, 50.9401342 ], [ -1.3884965, 50.9402202 ], [ -1.3884753, 50.9402834 ], [ -1.388443, 50.940417 ], [ -1.3884308, 50.9405337 ], [ -1.3883161, 50.9414211 ], [ -1.3881549, 50.9413833 ], [ -1.387809, 50.9412802 ], [ -1.3877881, 50.941274 ], [ -1.3874281, 50.9411826 ], [ -1.3873229, 50.9411558 ], [ -1.3872555, 50.9411215 ], [ -1.3871975, 50.9410799 ], [ -1.38709, 50.9410264 ], [ -1.3870157, 50.9410034 ], [ -1.3868748, 50.9409507 ], [ -1.3865939, 50.9408614 ], [ -1.3863796, 50.9408069 ], [ -1.3861576, 50.940768 ], [ -1.3858207, 50.9407588 ], [ -1.3857092, 50.94077 ], [ -1.385505, 50.9408139 ], [ -1.3851568, 50.9409093 ], [ -1.3850383, 50.9409331 ], [ -1.3848851, 50.9409607 ], [ -1.3848134, 50.9409668 ], [ -1.3847598, 50.9409652 ], [ -1.3846146, 50.9409567 ], [ -1.3846367, 50.9406804 ], [ -1.3843644, 50.9406607 ], [ -1.3842598, 50.9406547 ], [ -1.3841878, 50.9406451 ], [ -1.3839143, 50.9406064 ], [ -1.3836289, 50.9405696 ], [ -1.3835464, 50.9405579 ], [ -1.3834721, 50.9405214 ], [ -1.3834001, 50.9405028 ], [ -1.3833882, 50.9404468 ], [ -1.3832936, 50.9404482 ], [ -1.3832797, 50.940425 ], [ -1.3832558, 50.9403882 ], [ -1.384244, 50.9400772 ], [ -1.3843168, 50.9400682 ], [ -1.384406, 50.940058 ], [ -1.3845005, 50.9400614 ], [ -1.3855357, 50.9400787 ], [ -1.3860707, 50.9400658 ], [ -1.3861421, 50.940034 ], [ -1.3862179, 50.9399872 ], [ -1.3863363, 50.9399179 ], [ -1.3864259, 50.9398182 ], [ -1.3868705, 50.9397915 ], [ -1.3872683, 50.9397744 ], [ -1.3877934, 50.9397881 ], [ -1.3880043, 50.9398045 ], [ -1.3881396, 50.9398281 ], [ -1.3882424, 50.9398579 ], [ -1.3883218, 50.9398949 ], [ -1.3884479, 50.9399641 ], [ -1.3885032, 50.9399961 ], [ -1.3885262, 50.9400089 ] ] ], [ [ [ -1.3893509, 50.9404543 ], [ -1.3895744, 50.9405343 ], [ -1.3896757, 50.9405627 ], [ -1.3897219, 50.9405749 ], [ -1.3897914, 50.9405837 ], [ -1.3898307, 50.9405847 ], [ -1.38987, 50.9405852 ], [ -1.3899341, 50.9405785 ], [ -1.3899866, 50.9408416 ], [ -1.3908621, 50.9407733 ], [ -1.3916875, 50.94072 ], [ -1.3917868, 50.9405423 ], [ -1.3918256, 50.9404728 ], [ -1.3924514, 50.9408406 ], [ -1.3921519, 50.9410414 ], [ -1.3925003, 50.9412744 ], [ -1.3925486, 50.9413067 ], [ -1.3916834, 50.9416703 ], [ -1.3914726, 50.9417474 ], [ -1.3907252, 50.941965 ], [ -1.3903844, 50.9420544 ], [ -1.3903247, 50.9420438 ], [ -1.390166, 50.9420568 ], [ -1.3897155, 50.9420337 ], [ -1.3891409, 50.9418636 ], [ -1.3887422, 50.9417124 ], [ -1.3887242, 50.9417056 ], [ -1.3887444, 50.9415684 ], [ -1.3886105, 50.9415104 ], [ -1.3884325, 50.9414623 ], [ -1.3884392, 50.9414208 ], [ -1.3884465, 50.941379 ], [ -1.3884515, 50.94135 ], [ -1.3885591, 50.9407292 ], [ -1.3885967, 50.9406106 ], [ -1.3886761, 50.9404173 ], [ -1.3887064, 50.9403702 ], [ -1.3887618, 50.9403146 ], [ -1.3888946, 50.9402455 ], [ -1.3889291, 50.9402441 ], [ -1.3889499, 50.9402489 ], [ -1.3893509, 50.9404543 ] ] ] ] } },
{ "type": "Feature", "properties": { "leisure": "garden", "name": null, "access": "yes" }, "geometry": { "type": "Polygon", "coordinates": [ [ [ -1.433904, 50.9309075 ], [ -1.4336993, 50.9307996 ], [ -1.4340364, 50.9305533 ], [ -1.4340475, 50.9305595 ], [ -1.4344788, 50.9307895 ], [ -1.4341746, 50.9310248 ], [ -1.433904, 50.9309075 ] ], [ [ -1.4339832, 50.9306894 ], [ -1.4339717, 50.9307332 ], [ -1.4338862, 50.9307243 ], [ -1.4338687, 50.930791 ], [ -1.434019, 50.9308067 ], [ -1.4340017, 50.9308726 ], [ -1.4341027, 50.9308832 ], [ -1.4340815, 50.9309637 ], [ -1.434143, 50.9309701 ], [ -1.4341767, 50.9308421 ], [ -1.4341994, 50.9308445 ], [ -1.434291, 50.9308541 ], [ -1.4343086, 50.9307873 ], [ -1.4343567, 50.9307924 ], [ -1.4343653, 50.9307595 ], [ -1.4342383, 50.9307463 ], [ -1.434246, 50.9307169 ], [ -1.4339832, 50.9306894 ] ] ] } },
{ "type": "Feature", "properties": { "leisure": "park", "name": "Portswood Rec", "access": "yes" }, "geometry": { "type": "Polygon", "coordinates": [ [ [ -1.3874331, 50.9323795 ], [ -1.3873276, 50.9326018 ], [ -1.3871668, 50.9325718 ], [ -1.3872805, 50.9323427 ], [ -1.3873302, 50.9323027 ], [ -1.3874346, 50.9321182 ], [ -1.3874985, 50.9320233 ], [ -1.3875377, 50.9319783 ], [ -1.3875908, 50.9319206 ], [ -1.3876945, 50.9316357 ], [ -1.3883213, 50.9316345 ], [ -1.3886452, 50.9315273 ], [ -1.3887279, 50.9313341 ], [ -1.3898753, 50.9314981 ], [ -1.3898699, 50.9316886 ], [ -1.3898133, 50.9318268 ], [ -1.389807, 50.9319848 ], [ -1.3897624, 50.9321277 ], [ -1.3893919, 50.9328374 ], [ -1.388319, 50.9325837 ], [ -1.3878964, 50.932482 ], [ -1.3874331, 50.9323795 ] ] ] } },
{ "type": "Feature", "properties": { "leisure": "park", "name": "Veracity Recreation Ground", "access": "yes" }, "geometry": { "type": "Polygon", "coordinates": [ [ [ -1.3658017, 50.9056131 ], [ -1.3651707, 50.9059963 ], [ -1.3650581, 50.9059509 ], [ -1.3650336, 50.9059578 ], [ -1.3647496, 50.9060307 ], [ -1.3646497, 50.906057 ], [ -1.3644754, 50.905956 ], [ -1.364264, 50.9060894 ], [ -1.36461, 50.9063058 ], [ -1.3643516, 50.9065406 ], [ -1.3636611, 50.907168 ], [ -1.3611138, 50.9058463 ], [ -1.3623751, 50.9046581 ], [ -1.3634527, 50.904757 ], [ -1.3653946, 50.9046961 ], [ -1.3661988, 50.9047938 ], [ -1.3667055, 50.9048653 ], [ -1.3661059, 50.9051481 ], [ -1.3663468, 50.9054482 ], [ -1.3658017, 50.9056131 ] ] ] } },
{ "type": "Feature", "properties": { "leisure": "park", "name": "Houndwell Park", "access": "yes" }, "geometry": { "type": "Polygon", "coordinates": [ [ [ -1.4014283, 50.9030657 ], [ -1.4014861, 50.9030372 ], [ -1.4015781, 50.9030148 ], [ -1.4016948, 50.9030125 ], [ -1.4017892, 50.903019 ], [ -1.4018634, 50.9030253 ], [ -1.4025008, 50.9030739 ], [ -1.4025231, 50.9030809 ], [ -1.4025673, 50.9030948 ], [ -1.402645, 50.9031192 ], [ -1.4026726, 50.9031529 ], [ -1.4025194, 50.9039833 ], [ -1.4025147, 50.9040137 ], [ -1.402497, 50.904127 ], [ -1.4024714, 50.904377 ], [ -1.4024666, 50.9044244 ], [ -1.4024593, 50.9044959 ], [ -1.4024651, 50.9048618 ], [ -1.4022327, 50.904855 ], [ -1.4021527, 50.9048526 ], [ -1.4020368, 50.9048492 ], [ -1.4015658, 50.9048385 ], [ -1.4015367, 50.9048567 ], [ -1.4015001, 50.9048795 ], [ -1.401429, 50.9048914 ], [ -1.4013597, 50.9048978 ], [ -1.4012053, 50.9049028 ], [ -1.4010679, 50.9049009 ], [ -1.4010437, 50.904894 ], [ -1.4010375, 50.9048922 ], [ -1.4010144, 50.9048735 ], [ -1.400984, 50.9048212 ], [ -1.4009918, 50.904786 ], [ -1.4012789, 50.9034852 ], [ -1.4012905, 50.9034202 ], [ -1.4012994, 50.9033706 ], [ -1.4013304, 50.903197 ], [ -1.4013793, 50.9031202 ], [ -1.4014283, 50.9030657 ] ] ] } },
{ "type": "Feature", "properties": { "leisure": "park", "name": "Hoglands Park", "access": "yes" }, "geometry": { "type": "Polygon", "coordinates": [ [ [ -1.3991942, 50.9025938 ], [ -1.3993288, 50.9026593 ], [ -1.3995129, 50.9027638 ], [ -1.399725, 50.902852 ], [ -1.3999391, 50.9029107 ], [ -1.4001801, 50.9029407 ], [ -1.4004752, 50.9029737 ], [ -1.4005542, 50.9030008 ], [ -1.4006818, 50.9030455 ], [ -1.4009923, 50.9031613 ], [ -1.4010546, 50.9032163 ], [ -1.4010308, 50.903574 ], [ -1.4007792, 50.9048614 ], [ -1.4007712, 50.9049034 ], [ -1.400766, 50.9049306 ], [ -1.3979991, 50.905142 ], [ -1.3978862, 50.9051178 ], [ -1.3978444, 50.9050896 ], [ -1.3978088, 50.9049642 ], [ -1.3977402, 50.9049489 ], [ -1.397679, 50.9047354 ], [ -1.397643, 50.9046063 ], [ -1.3976194, 50.9044752 ], [ -1.397612, 50.904336 ], [ -1.3976139, 50.9041988 ], [ -1.3976354, 50.9039975 ], [ -1.3976753, 50.9037982 ], [ -1.3977197, 50.903683 ], [ -1.3977733, 50.9035678 ], [ -1.397852, 50.9034183 ], [ -1.3979431, 50.9032727 ], [ -1.3980026, 50.9031848 ], [ -1.3981105, 50.9030254 ], [ -1.3981676, 50.9028988 ], [ -1.398245, 50.9026583 ], [ -1.3983556, 50.9026091 ], [ -1.3989724, 50.9025704 ], [ -1.399099, 50.9025758 ], [ -1.3991942, 50.9025938 ] ] ] } },
{ "type": "Feature", "properties": { "leisure": "park", "name": "Palmerston Park", "access": "yes" }, "geometry": { "type": "Polygon", "coordinates": [ [ [ -1.4016088, 50.9069681 ], [ -1.4013512, 50.9064806 ], [ -1.4011861, 50.9059599 ], [ -1.4011757, 50.905928 ], [ -1.4011709, 50.905913 ], [ -1.401044, 50.9051347 ], [ -1.4011422, 50.9051082 ], [ -1.4012093, 50.9050902 ], [ -1.4012284, 50.905085 ], [ -1.4021931, 50.905087 ], [ -1.4022866, 50.9050872 ], [ -1.4030759, 50.9050889 ], [ -1.4031247, 50.9051199 ], [ -1.4031635, 50.9051446 ], [ -1.4031904, 50.9051617 ], [ -1.4033277, 50.9059879 ], [ -1.4033503, 50.9061238 ], [ -1.4034427, 50.906119 ], [ -1.4038059, 50.9061034 ], [ -1.4038797, 50.9061002 ], [ -1.404256, 50.906084 ], [ -1.4042608, 50.9061142 ], [ -1.4043064, 50.9065472 ], [ -1.4043077, 50.9065605 ], [ -1.4043238, 50.9067196 ], [ -1.4043262, 50.9067439 ], [ -1.4042804, 50.9067785 ], [ -1.4037802, 50.9067903 ], [ -1.4033411, 50.9068255 ], [ -1.4032684, 50.9068314 ], [ -1.4031934, 50.9068406 ], [ -1.4026606, 50.9069081 ], [ -1.402571, 50.9069171 ], [ -1.4023598, 50.9069509 ], [ -1.4021855, 50.9069831 ], [ -1.4020107, 50.907012 ], [ -1.4018492, 50.9070237 ], [ -1.4016919, 50.9070257 ], [ -1.4016644, 50.9070067 ], [ -1.4016253, 50.9069796 ], [ -1.4016088, 50.9069681 ] ] ] } },
{ "type": "Feature", "properties": { "leisure": "park", "name": "East (Andrews) Park", "access": "yes" }, "geometry": { "type": "Polygon", "coordinates": [ [ [ -1.4038727, 50.9073298 ], [ -1.4038009, 50.9077971 ], [ -1.4037418, 50.9081807 ], [ -1.4036976, 50.9085235 ], [ -1.403666, 50.9086892 ], [ -1.4037141, 50.9086923 ], [ -1.4037685, 50.9086942 ], [ -1.4037726, 50.9087373 ], [ -1.4037771, 50.9087854 ], [ -1.403931, 50.9089059 ], [ -1.4042169, 50.9092144 ], [ -1.4042684, 50.9092848 ], [ -1.4043014, 50.9093153 ], [ -1.4044274, 50.909334 ], [ -1.4044797, 50.9093418 ], [ -1.4045399, 50.9093508 ], [ -1.4046316, 50.9093643 ], [ -1.4046558, 50.9095901 ], [ -1.4046576, 50.9096072 ], [ -1.4046241, 50.9096364 ], [ -1.4046065, 50.909671 ], [ -1.4046046, 50.9097149 ], [ -1.4046133, 50.9097317 ], [ -1.4046246, 50.9097536 ], [ -1.4046451, 50.9097686 ], [ -1.4046731, 50.9097891 ], [ -1.4047131, 50.9103365 ], [ -1.4047157, 50.9103727 ], [ -1.4046958, 50.9104191 ], [ -1.4046411, 50.9104545 ], [ -1.403977, 50.9106591 ], [ -1.4038735, 50.9106871 ], [ -1.4035034, 50.9107776 ], [ -1.4032942, 50.9108288 ], [ -1.4032381, 50.9108349 ], [ -1.4031724, 50.9108421 ], [ -1.4031222, 50.9108476 ], [ -1.4029456, 50.9108517 ], [ -1.4027889, 50.9108375 ], [ -1.4025219, 50.910779 ], [ -1.4020318, 50.9106335 ], [ -1.4019851, 50.9106081 ], [ -1.4019379, 50.9105825 ], [ -1.4019013, 50.9105626 ], [ -1.4018485, 50.9105653 ], [ -1.4017499, 50.9104354 ], [ -1.4016629, 50.9102505 ], [ -1.401658, 50.9101586 ], [ -1.401657, 50.9101397 ], [ -1.40167, 50.9101118 ], [ -1.401685, 50.9100797 ], [ -1.4017223, 50.9099997 ], [ -1.4017734, 50.9098686 ], [ -1.4017654, 50.909703 ], [ -1.401699, 50.9093199 ], [ -1.4016791, 50.9091675 ], [ -1.4016782, 50.9091069 ], [ -1.4016869, 50.9089928 ], [ -1.4016698, 50.9086603 ], [ -1.4016656, 50.9085782 ], [ -1.4016561, 50.9083925 ], [ -1.4016544, 50.9083591 ], [ -1.4016393, 50.908065 ], [ -1.4016286, 50.9078196 ], [ -1.4016272, 50.9077861 ], [ -1.4016103, 50.9073975 ], [ -1.4016235, 50.9073215 ], [ -1.401642, 50.9072694 ], [ -1.4016567, 50.9072378 ], [ -1.4016891, 50.9072207 ], [ -1.4017686, 50.9071987 ], [ -1.4018065, 50.9071937 ], [ -1.4018505, 50.9071878 ], [ -1.4023869, 50.9071163 ], [ -1.4025998, 50.9070878 ], [ -1.4026831, 50.9070767 ], [ -1.4033296, 50.9069902 ], [ -1.4037385, 50.9069604 ], [ -1.4038082, 50.9069719 ], [ -1.403862, 50.9070224 ], [ -1.4038881, 50.9071052 ], [ -1.4038727, 50.9073298 ] ] ] } },
{ "type": "Feature", "properties": { "leisure": "park", "name": "St James Park", "access": "yes" }, "geometry": { "type": "Polygon", "coordinates": [ [ [ -1.4316239, 50.9277252 ], [ -1.4310121, 50.9279921 ], [ -1.4306789, 50.9281283 ], [ -1.4304924, 50.9281828 ], [ -1.4303564, 50.9282405 ], [ -1.4302121, 50.9282043 ], [ -1.428812, 50.9266753 ], [ -1.4288351, 50.9265563 ], [ -1.4288889, 50.9264603 ], [ -1.429001, 50.9263301 ], [ -1.429406, 50.9260035 ], [ -1.4294446, 50.9260004 ], [ -1.4316124, 50.9276751 ], [ -1.4316239, 50.9277252 ] ] ] } },
{ "type": "Feature", "properties": { "leisure": "park", "name": "Millbrook Recreation Ground", "access": "yes" }, "geometry": { "type": "Polygon", "coordinates": [ [ [ -1.4491653, 50.9120446 ], [ -1.448321, 50.9119509 ], [ -1.4477381, 50.9119127 ], [ -1.4470968, 50.9118902 ], [ -1.4465018, 50.9118891 ], [ -1.4459311, 50.9119177 ], [ -1.4453946, 50.911953 ], [ -1.4440832, 50.9120748 ], [ -1.4438935, 50.9121298 ], [ -1.4438637, 50.9121988 ], [ -1.4445667, 50.9122457 ], [ -1.4444954, 50.912546 ], [ -1.4444449, 50.9127665 ], [ -1.4444511, 50.9127872 ], [ -1.4446736, 50.9128585 ], [ -1.4448398, 50.9128923 ], [ -1.4449942, 50.9123346 ], [ -1.4450425, 50.9121604 ], [ -1.4454789, 50.9122084 ], [ -1.4455113, 50.912093 ], [ -1.4459404, 50.9121408 ], [ -1.4459777, 50.9121412 ], [ -1.4460078, 50.9120339 ], [ -1.4463228, 50.912069 ], [ -1.4462444, 50.9123488 ], [ -1.4460851, 50.9129142 ], [ -1.4460792, 50.9129376 ], [ -1.4461507, 50.9129457 ], [ -1.4461072, 50.9131058 ], [ -1.4461049, 50.9131155 ], [ -1.4461391, 50.9131196 ], [ -1.4462414, 50.9131327 ], [ -1.4462967, 50.9131948 ], [ -1.4470507, 50.9132777 ], [ -1.4470901, 50.9132837 ], [ -1.4471156, 50.9132999 ], [ -1.447124, 50.9133183 ], [ -1.4471672, 50.9133227 ], [ -1.4471784, 50.9132737 ], [ -1.4474898, 50.9133113 ], [ -1.4474728, 50.9133603 ], [ -1.4474928, 50.913384 ], [ -1.447569, 50.9133968 ], [ -1.447515, 50.9135211 ], [ -1.447605, 50.9135343 ], [ -1.4476826, 50.9135066 ], [ -1.4477492, 50.9134818 ], [ -1.4484865, 50.9136277 ], [ -1.4485505, 50.9134854 ], [ -1.4491653, 50.9120446 ] ] ] } },
{ "type": "Feature", "properties": { "leisure": "park", "name": "Asylum Green", "access": "yes" }, "geometry": { "type": "Polygon", "coordinates": [ [ [ -1.4037607, 50.9184879 ], [ -1.4037579, 50.9185136 ], [ -1.4037365, 50.9185296 ], [ -1.4036852, 50.9185348 ], [ -1.4036357, 50.9185302 ], [ -1.4035924, 50.9185178 ], [ -1.4035484, 50.9184972 ], [ -1.4035061, 50.9184618 ], [ -1.4034408, 50.9183633 ], [ -1.4031279, 50.9177005 ], [ -1.4023723, 50.9160217 ], [ -1.4022089, 50.9156839 ], [ -1.4015753, 50.914891 ], [ -1.4013513, 50.9145976 ], [ -1.401323, 50.9144965 ], [ -1.4013199, 50.9143961 ], [ -1.4013324, 50.9143188 ], [ -1.4013696, 50.9142665 ], [ -1.4014371, 50.9142243 ], [ -1.4015275, 50.9141905 ], [ -1.4016202, 50.9141738 ], [ -1.4017093, 50.9141683 ], [ -1.4018204, 50.9141742 ], [ -1.4019375, 50.9141886 ], [ -1.402028, 50.9142063 ], [ -1.4021005, 50.9142326 ], [ -1.4021638, 50.9142808 ], [ -1.4021998, 50.914345 ], [ -1.4023313, 50.9147216 ], [ -1.4025893, 50.915488 ], [ -1.4028008, 50.9161773 ], [ -1.403163, 50.9171381 ], [ -1.4033828, 50.9175465 ], [ -1.4037169, 50.9183807 ], [ -1.4037607, 50.9184879 ] ] ] } },
{ "type": "Feature", "properties": { "leisure": "park", "name": null, "access": "yes" }, "geometry": { "type": "Polygon", "coordinates": [ [ [ -1.4383464, 50.9461725 ], [ -1.4369348, 50.9468331 ], [ -1.4367191, 50.9469165 ], [ -1.4362776, 50.9471126 ], [ -1.4356944, 50.9466313 ], [ -1.4377394, 50.9456406 ], [ -1.4383464, 50.9461725 ] ] ] } },
{ "type": "Feature", "properties": { "leisure": "park", "name": null, "access": "yes" }, "geometry": { "type": "Polygon", "coordinates": [ [ [ -1.3685948, 50.8852347 ], [ -1.3685114, 50.8852604 ], [ -1.3684362, 50.8852931 ], [ -1.3683709, 50.8853259 ], [ -1.3682127, 50.8854109 ], [ -1.3681873, 50.8853944 ], [ -1.3684833, 50.8852406 ], [ -1.3685107, 50.8852256 ], [ -1.3685496, 50.8852266 ], [ -1.368603, 50.8851992 ], [ -1.3686726, 50.8851405 ], [ -1.3686552, 50.8851281 ], [ -1.368618, 50.8851312 ], [ -1.3685696, 50.8851228 ], [ -1.3684917, 50.8850317 ], [ -1.3684079, 50.8849697 ], [ -1.3681482, 50.884872 ], [ -1.3676176, 50.8846956 ], [ -1.3672065, 50.8845628 ], [ -1.367118, 50.8845507 ], [ -1.3670801, 50.8845371 ], [ -1.367073, 50.8844853 ], [ -1.367036, 50.8844847 ], [ -1.3670516, 50.8845877 ], [ -1.3670207, 50.8846235 ], [ -1.3669224, 50.8846635 ], [ -1.3669844, 50.8848092 ], [ -1.3669676, 50.8849053 ], [ -1.3667725, 50.8848033 ], [ -1.3665235, 50.8846006 ], [ -1.3664857, 50.8844233 ], [ -1.3661827, 50.8842318 ], [ -1.3661738, 50.8841859 ], [ -1.3660922, 50.8837663 ], [ -1.3659922, 50.8832213 ], [ -1.3661578, 50.8829871 ], [ -1.3662919, 50.8827912 ], [ -1.3661947, 50.8826857 ], [ -1.3666166, 50.8825739 ], [ -1.3667463, 50.8826654 ], [ -1.3668317, 50.8826155 ], [ -1.3668824, 50.8825196 ], [ -1.3669772, 50.8826383 ], [ -1.3669559, 50.8826795 ], [ -1.3668533, 50.882712 ], [ -1.3667857, 50.8827202 ], [ -1.3667113, 50.8827149 ], [ -1.3667081, 50.8827243 ], [ -1.3667053, 50.8827326 ], [ -1.366786, 50.8827581 ], [ -1.3668046, 50.8827808 ], [ -1.3667862, 50.8828094 ], [ -1.3667202, 50.8828232 ], [ -1.3666942, 50.8827858 ], [ -1.3666051, 50.8828077 ], [ -1.3666252, 50.8828481 ], [ -1.3665596, 50.8828606 ], [ -1.3666133, 50.8829541 ], [ -1.3667493, 50.8829213 ], [ -1.3667267, 50.8828803 ], [ -1.3667774, 50.8828688 ], [ -1.3668004, 50.8829112 ], [ -1.3669304, 50.8828829 ], [ -1.3668727, 50.8827791 ], [ -1.3668899, 50.8827543 ], [ -1.3669921, 50.8827229 ], [ -1.3670717, 50.8827311 ], [ -1.3671082, 50.882766 ], [ -1.3671226, 50.8827797 ], [ -1.3673416, 50.8830657 ], [ -1.3674789, 50.883243 ], [ -1.3675698, 50.8833604 ], [ -1.367633, 50.8834199 ], [ -1.3677636, 50.8835429 ], [ -1.3679979, 50.8837355 ], [ -1.3685149, 50.8840979 ], [ -1.3693144, 50.8846619 ], [ -1.3695381, 50.8848042 ], [ -1.3695679, 50.8848232 ], [ -1.3697144, 50.8849126 ], [ -1.3697524, 50.8849132 ], [ -1.3699963, 50.885052 ], [ -1.3703339, 50.8852187 ], [ -1.3707735, 50.8854159 ], [ -1.3715056, 50.8857197 ], [ -1.3716904, 50.8857785 ], [ -1.3722874, 50.8859739 ], [ -1.3730254, 50.8862223 ], [ -1.3729495, 50.8864454 ], [ -1.3728232, 50.886591 ], [ -1.3726451, 50.886695 ], [ -1.3725484, 50.8867629 ], [ -1.372599, 50.886834 ], [ -1.3723035, 50.8866908 ], [ -1.3719108, 50.8865005 ], [ -1.3713955, 50.886372 ], [ -1.3714275, 50.8863198 ], [ -1.3713344, 50.8863029 ], [ -1.3711311, 50.886256 ], [ -1.3710734, 50.8862548 ], [ -1.3710122, 50.8862798 ], [ -1.3708662, 50.8862669 ], [ -1.3707633, 50.8862758 ], [ -1.3707074, 50.8862317 ], [ -1.3706455, 50.8862086 ], [ -1.3705897, 50.8861496 ], [ -1.3705048, 50.8860837 ], [ -1.3703764, 50.8860315 ], [ -1.3703146, 50.8860489 ], [ -1.3702578, 50.8860156 ], [ -1.370158, 50.8859996 ], [ -1.3701948, 50.8859344 ], [ -1.3701421, 50.885914 ], [ -1.3700918, 50.8859154 ], [ -1.3700143, 50.8858659 ], [ -1.3699626, 50.8858916 ], [ -1.3699005, 50.8858763 ], [ -1.3698842, 50.8858327 ], [ -1.3697896, 50.8858063 ], [ -1.3697738, 50.8857586 ], [ -1.3698696, 50.8857034 ], [ -1.3698534, 50.8856304 ], [ -1.3698099, 50.885606 ], [ -1.369692, 50.8855856 ], [ -1.369634, 50.8856065 ], [ -1.3696439, 50.8856453 ], [ -1.3697016, 50.8856664 ], [ -1.3696968, 50.8856889 ], [ -1.3696701, 50.8857111 ], [ -1.3695702, 50.8856709 ], [ -1.3695056, 50.8856644 ], [ -1.3694888, 50.8856251 ], [ -1.3694285, 50.8855902 ], [ -1.3693577, 50.885581 ], [ -1.3693292, 50.8855894 ], [ -1.369315, 50.885556 ], [ -1.3692802, 50.8855496 ], [ -1.3692429, 50.8855465 ], [ -1.3692216, 50.8855067 ], [ -1.3691882, 50.8855007 ], [ -1.3691584, 50.8854992 ], [ -1.3691357, 50.8854831 ], [ -1.3690732, 50.8854789 ], [ -1.3690507, 50.8854943 ], [ -1.3689858, 50.8855003 ], [ -1.3689524, 50.885475 ], [ -1.3688916, 50.8854579 ], [ -1.3688326, 50.8854491 ], [ -1.3688142, 50.885393 ], [ -1.3687651, 50.8853519 ], [ -1.368698, 50.8853081 ], [ -1.3686464, 50.8852675 ], [ -1.3685948, 50.8852347 ] ] ] } },
{ "type": "Feature", "properties": { "leisure": "park", "name": null, "access": "yes" }, "geometry": { "type": "Polygon", "coordinates": [ [ [ -1.3604416, 50.8958658 ], [ -1.3602579, 50.8960107 ], [ -1.3599465, 50.8959628 ], [ -1.3594117, 50.8961209 ], [ -1.3591628, 50.8962292 ], [ -1.3587508, 50.8962887 ], [ -1.3583989, 50.8964511 ], [ -1.3582959, 50.8965594 ], [ -1.3582959, 50.8966568 ], [ -1.3582959, 50.8967069 ], [ -1.3582959, 50.8967218 ], [ -1.3581758, 50.8967651 ], [ -1.3579268, 50.8966568 ], [ -1.3577123, 50.8966622 ], [ -1.3574376, 50.8966893 ], [ -1.3572488, 50.8967597 ], [ -1.3570428, 50.8968192 ], [ -1.3568969, 50.896803 ], [ -1.3568111, 50.8968192 ], [ -1.356751, 50.8969383 ], [ -1.3565793, 50.8969113 ], [ -1.3564677, 50.8968517 ], [ -1.3566909, 50.8966135 ], [ -1.3566394, 50.8965269 ], [ -1.3566394, 50.8962779 ], [ -1.3567398, 50.8961524 ], [ -1.357905, 50.8957517 ], [ -1.3583014, 50.8957282 ], [ -1.3589139, 50.8956822 ], [ -1.3593259, 50.89552 ], [ -1.3597636, 50.8954658 ], [ -1.3600297, 50.8954929 ], [ -1.3600203, 50.895658 ], [ -1.359925, 50.8957267 ], [ -1.3603263, 50.8957644 ], [ -1.3607585, 50.8956881 ], [ -1.3610025, 50.8957435 ], [ -1.3606923, 50.895943 ], [ -1.3604416, 50.8958658 ] ] ] } },
{ "type": "Feature", "properties": { "leisure": "park", "name": "Green Park", "access": "yes" }, "geometry": { "type": "Polygon", "coordinates": [ [ [ -1.460126, 50.9195233 ], [ -1.4603028, 50.9195059 ], [ -1.460272, 50.9193928 ], [ -1.4602485, 50.9193224 ], [ -1.4599456, 50.9193773 ], [ -1.4598222, 50.9194566 ], [ -1.4597675, 50.9193637 ], [ -1.4596525, 50.9192697 ], [ -1.4595977, 50.9192012 ], [ -1.4594794, 50.9190531 ], [ -1.459363, 50.9190676 ], [ -1.459154, 50.9190863 ], [ -1.4588724, 50.9189822 ], [ -1.4586328, 50.9188318 ], [ -1.4585113, 50.9188514 ], [ -1.4583805, 50.9187535 ], [ -1.4576648, 50.918842 ], [ -1.4576684, 50.9188533 ], [ -1.4571723, 50.9189128 ], [ -1.4568935, 50.9189463 ], [ -1.4568299, 50.9189541 ], [ -1.4567958, 50.9189583 ], [ -1.4573585, 50.9203645 ], [ -1.4573641, 50.9203814 ], [ -1.4573765, 50.9204031 ], [ -1.4574345, 50.9205462 ], [ -1.4574631, 50.9207189 ], [ -1.4574225, 50.9210371 ], [ -1.4577419, 50.9211279 ], [ -1.4578452, 50.9211597 ], [ -1.4579763, 50.9211996 ], [ -1.4576704, 50.9216037 ], [ -1.458251, 50.9217132 ], [ -1.4588846, 50.9218249 ], [ -1.4602183, 50.9220601 ], [ -1.4604147, 50.9216862 ], [ -1.460126, 50.9195233 ] ] ] } },
{ "type": "Feature", "properties": { "leisure": "garden", "name": "Obelisk Rose Garden", "access": "yes" }, "geometry": { "type": "Polygon", "coordinates": [ [ [ -1.4036594, 50.9079191 ], [ -1.4037759, 50.9074028 ], [ -1.4032961, 50.9078823 ], [ -1.4036594, 50.9079191 ] ] ] } },
{ "type": "Feature", "properties": { "leisure": "garden", "name": "National Rose Trial Beds", "access": "yes" }, "geometry": { "type": "Polygon", "coordinates": [ [ [ -1.4030635, 50.9077167 ], [ -1.403321, 50.9074353 ], [ -1.4031494, 50.9071268 ], [ -1.402849, 50.9074407 ], [ -1.4030635, 50.9077167 ] ] ] } },
{ "type": "Feature", "properties": { "leisure": "park", "name": "Cedar Lodge Park", "access": "yes" }, "geometry": { "type": "Polygon", "coordinates": [ [ [ -1.4412884, 50.9216208 ], [ -1.4411623, 50.9215973 ], [ -1.4412758, 50.921255 ], [ -1.4414902, 50.9212673 ], [ -1.4416628, 50.9207638 ], [ -1.4417175, 50.9205534 ], [ -1.4420431, 50.9206014 ], [ -1.4421492, 50.9206169 ], [ -1.442745, 50.9206912 ], [ -1.4432468, 50.9207715 ], [ -1.4432506, 50.9209126 ], [ -1.4432308, 50.9209487 ], [ -1.4431361, 50.9210777 ], [ -1.4429958, 50.9212621 ], [ -1.4429257, 50.9213542 ], [ -1.4429144, 50.9213514 ], [ -1.4428909, 50.9213456 ], [ -1.4424158, 50.9212287 ], [ -1.4423395, 50.9213357 ], [ -1.4421986, 50.9213411 ], [ -1.4421445, 50.921441 ], [ -1.4419137, 50.9215427 ], [ -1.4418136, 50.9217355 ], [ -1.4412884, 50.9216208 ] ] ] } },
{ "type": "Feature", "properties": { "leisure": "park", "name": "Freemantle Lake Park", "access": "yes" }, "geometry": { "type": "Polygon", "coordinates": [ [ [ -1.4316328, 50.9124561 ], [ -1.4316066, 50.912597 ], [ -1.4310833, 50.9127136 ], [ -1.4308253, 50.9127041 ], [ -1.4295524, 50.9125891 ], [ -1.4286962, 50.9126255 ], [ -1.4286121, 50.9124246 ], [ -1.428359, 50.9124586 ], [ -1.4282261, 50.9122862 ], [ -1.4287842, 50.9121888 ], [ -1.4288263, 50.9121822 ], [ -1.429412, 50.9120908 ], [ -1.4295715, 50.9120805 ], [ -1.4307745, 50.9120029 ], [ -1.4309224, 50.9119994 ], [ -1.4312671, 50.9119912 ], [ -1.4313431, 50.9119894 ], [ -1.4316125, 50.9120199 ], [ -1.4317616, 50.9120367 ], [ -1.4323294, 50.9121036 ], [ -1.4323548, 50.9120594 ], [ -1.4323856, 50.9119961 ], [ -1.4325117, 50.9117805 ], [ -1.4325794, 50.9118233 ], [ -1.4329969, 50.9120212 ], [ -1.4330542, 50.9120483 ], [ -1.4325624, 50.9123514 ], [ -1.4323311, 50.9124182 ], [ -1.4317213, 50.9124046 ], [ -1.4316328, 50.9124561 ] ] ] } },
{ "type": "Feature", "properties": { "leisure": "park", "name": null, "access": "yes" }, "geometry": { "type": "Polygon", "coordinates": [ [ [ -1.3940256, 50.9069261 ], [ -1.39397, 50.9069593 ], [ -1.3932663, 50.9071705 ], [ -1.3930866, 50.9071861 ], [ -1.3924757, 50.9071508 ], [ -1.3926197, 50.9065441 ], [ -1.3928229, 50.9064712 ], [ -1.3928358, 50.906307 ], [ -1.3928644, 50.9059187 ], [ -1.3931086, 50.905925 ], [ -1.3939708, 50.9059242 ], [ -1.3939807, 50.9068103 ], [ -1.3940256, 50.9069261 ] ] ] } },
{ "type": "Feature", "properties": { "leisure": "park", "name": null, "access": "yes" }, "geometry": { "type": "Polygon", "coordinates": [ [ [ -1.4469575, 50.9230135 ], [ -1.4470911, 50.9226123 ], [ -1.4467036, 50.9225813 ], [ -1.4465718, 50.9228261 ], [ -1.446656, 50.9228438 ], [ -1.4466005, 50.9229521 ], [ -1.4469575, 50.9230135 ] ] ] } },
{ "type": "Feature", "properties": { "leisure": "park", "name": "Queen's Park", "access": "yes" }, "geometry": { "type": "Polygon", "coordinates": [ [ [ -1.4003876, 50.8977943 ], [ -1.3986352, 50.897602 ], [ -1.3977221, 50.8974375 ], [ -1.3977198, 50.8973998 ], [ -1.3976871, 50.897375 ], [ -1.3976171, 50.8973693 ], [ -1.397554, 50.8974018 ], [ -1.3973843, 50.8973678 ], [ -1.397472, 50.8972015 ], [ -1.3975386, 50.8971854 ], [ -1.3975853, 50.8971597 ], [ -1.3976065, 50.8971363 ], [ -1.3987468, 50.8970531 ], [ -1.3987735, 50.897072 ], [ -1.3987976, 50.8970814 ], [ -1.3988874, 50.8970739 ], [ -1.3989069, 50.8970601 ], [ -1.3989148, 50.8970391 ], [ -1.4000526, 50.8969444 ], [ -1.4005379, 50.8968917 ], [ -1.4009167, 50.8968287 ], [ -1.4012955, 50.8967452 ], [ -1.4014053, 50.896728 ], [ -1.401497, 50.8967522 ], [ -1.4015646, 50.8968293 ], [ -1.4015391, 50.8968949 ], [ -1.4014219, 50.8970444 ], [ -1.4005026, 50.8977553 ], [ -1.4003876, 50.8977943 ] ] ] } },
{ "type": "Feature", "properties": { "leisure": "park", "name": "Freemantle Common", "access": "yes" }, "geometry": { "type": "Polygon", "coordinates": [ [ [ -1.365301, 50.9125723 ], [ -1.3651427, 50.9127803 ], [ -1.3649778, 50.9129097 ], [ -1.3647967, 50.9129985 ], [ -1.3645182, 50.9130757 ], [ -1.3642716, 50.9131288 ], [ -1.364235, 50.9131367 ], [ -1.364161, 50.9130928 ], [ -1.3641365, 50.9130125 ], [ -1.3639926, 50.9129144 ], [ -1.3637758, 50.912875 ], [ -1.36373, 50.9127706 ], [ -1.363232, 50.9123206 ], [ -1.3631479, 50.9123025 ], [ -1.363073, 50.9123 ], [ -1.3630812, 50.9121787 ], [ -1.3630669, 50.9121676 ], [ -1.3629416, 50.9120701 ], [ -1.3635402, 50.9117196 ], [ -1.3636703, 50.9116534 ], [ -1.3635966, 50.9115918 ], [ -1.3640618, 50.9112566 ], [ -1.3648427, 50.9108494 ], [ -1.365301, 50.9106105 ], [ -1.3661608, 50.9102938 ], [ -1.366803, 50.9100626 ], [ -1.3672912, 50.9099155 ], [ -1.3679225, 50.9097113 ], [ -1.3683037, 50.9096056 ], [ -1.3683523, 50.9096114 ], [ -1.3683978, 50.9096764 ], [ -1.3683829, 50.9097195 ], [ -1.3679571, 50.9099281 ], [ -1.3677579, 50.9100558 ], [ -1.3673931, 50.9103535 ], [ -1.3663846, 50.9111855 ], [ -1.3660077, 50.9115817 ], [ -1.3656765, 50.9119297 ], [ -1.365301, 50.9125723 ] ] ] } },
{ "type": "Feature", "properties": { "leisure": "park", "name": null, "access": "yes" }, "geometry": { "type": "Polygon", "coordinates": [ [ [ -1.3615629, 50.9309586 ], [ -1.3621173, 50.9297656 ], [ -1.3622097, 50.9297377 ], [ -1.3624814, 50.929765 ], [ -1.3625814, 50.9296605 ], [ -1.3624206, 50.9296085 ], [ -1.3624347, 50.9295839 ], [ -1.3623663, 50.9295573 ], [ -1.3624637, 50.9293533 ], [ -1.3629052, 50.9293214 ], [ -1.3630815, 50.9293293 ], [ -1.3632831, 50.9293533 ], [ -1.3633721, 50.9293587 ], [ -1.3638184, 50.9292935 ], [ -1.3651316, 50.9291017 ], [ -1.3654619, 50.9297721 ], [ -1.3654392, 50.930001 ], [ -1.3653777, 50.930622 ], [ -1.3654262, 50.930948 ], [ -1.3656822, 50.9319958 ], [ -1.3656536, 50.9320094 ], [ -1.3655444, 50.9320707 ], [ -1.3654489, 50.9321192 ], [ -1.3653783, 50.9321408 ], [ -1.3652361, 50.9322034 ], [ -1.3652096, 50.9322431 ], [ -1.3651393, 50.9322804 ], [ -1.3649329, 50.9323583 ], [ -1.3647845, 50.9324193 ], [ -1.3649059, 50.9325606 ], [ -1.3650694, 50.9327199 ], [ -1.3649663, 50.9327651 ], [ -1.364693, 50.9324659 ], [ -1.3646537, 50.9324859 ], [ -1.3643326, 50.9321495 ], [ -1.3639765, 50.9317764 ], [ -1.3638791, 50.9317234 ], [ -1.3633377, 50.9314285 ], [ -1.3629244, 50.9313652 ], [ -1.3626246, 50.9313193 ], [ -1.3617298, 50.9311298 ], [ -1.361603, 50.9310496 ], [ -1.3615629, 50.9309586 ] ] ] } },
{ "type": "Feature", "properties": { "leisure": "park", "name": "Shirley Warren Skate Park", "access": "yes" }, "geometry": { "type": "Polygon", "coordinates": [ [ [ -1.4356376, 50.9274356 ], [ -1.4365549, 50.9271794 ], [ -1.4366086, 50.9272513 ], [ -1.4369076, 50.9277779 ], [ -1.4363068, 50.927859 ], [ -1.4359286, 50.928072 ], [ -1.4355345, 50.9281464 ], [ -1.4350463, 50.9283949 ], [ -1.4349444, 50.9283222 ], [ -1.4345072, 50.928258 ], [ -1.4341719, 50.9281515 ], [ -1.4347888, 50.9278607 ], [ -1.4356376, 50.9274356 ] ] ] } },
{ "type": "Feature", "properties": { "leisure": "park", "name": null, "access": "yes" }, "geometry": { "type": "Polygon", "coordinates": [ [ [ -1.4461015, 50.9159046 ], [ -1.4456697, 50.9158749 ], [ -1.4457177, 50.9156278 ], [ -1.4457209, 50.9156111 ], [ -1.4461574, 50.9156457 ], [ -1.4461528, 50.9156672 ], [ -1.4461015, 50.9159046 ] ] ] } },
{ "type": "Feature", "properties": { "leisure": "park", "name": null, "access": "yes" }, "geometry": { "type": "Polygon", "coordinates": [ [ [ -1.3352608, 50.8977337 ], [ -1.3343704, 50.8979802 ], [ -1.3349108, 50.8985134 ], [ -1.3350682, 50.898551 ], [ -1.335598, 50.8991027 ], [ -1.3356126, 50.8991893 ], [ -1.3355612, 50.8992548 ], [ -1.3363928, 50.8994448 ], [ -1.3364557, 50.89944 ], [ -1.336415, 50.8991163 ], [ -1.3362669, 50.898717 ], [ -1.3363173, 50.8985386 ], [ -1.3358721, 50.8983382 ], [ -1.3352608, 50.8977337 ] ] ] } },
{ "type": "Feature", "properties": { "leisure": "park", "name": null, "access": "yes" }, "geometry": { "type": "Polygon", "coordinates": [ [ [ -1.3524879, 50.8959653 ], [ -1.3527086, 50.8960787 ], [ -1.3527923, 50.8961214 ], [ -1.3529877, 50.8962225 ], [ -1.3533408, 50.8964052 ], [ -1.3525039, 50.896977 ], [ -1.3524034, 50.8970498 ], [ -1.3516456, 50.8966836 ], [ -1.3515724, 50.8966483 ], [ -1.3524879, 50.8959653 ] ] ] } },
{ "type": "Feature", "properties": { "leisure": "park", "name": null, "access": "yes" }, "geometry": { "type": "Polygon", "coordinates": [ [ [ -1.3889317, 50.9129078 ], [ -1.3878256, 50.9127011 ], [ -1.3879274, 50.9126008 ], [ -1.3881213, 50.9121941 ], [ -1.3882402, 50.9121267 ], [ -1.3883409, 50.9121318 ], [ -1.3883341, 50.9121779 ], [ -1.3884526, 50.9121849 ], [ -1.3884143, 50.9122964 ], [ -1.3884777, 50.912305 ], [ -1.3885668, 50.9123193 ], [ -1.3886296, 50.912329 ], [ -1.3886637, 50.9123356 ], [ -1.3890946, 50.9124435 ], [ -1.3889317, 50.9129078 ] ] ] } },
{ "type": "Feature", "properties": { "leisure": "park", "name": "Southampton Sports Centre", "access": "yes" }, "geometry": { "type": "Polygon", "coordinates": [ [ [ -1.4232297, 50.9428857 ], [ -1.4232873, 50.9428336 ], [ -1.4233359, 50.9427799 ], [ -1.4242245, 50.9418854 ], [ -1.4241984, 50.9418165 ], [ -1.4240376, 50.9416496 ], [ -1.4240253, 50.9415436 ], [ -1.424066, 50.9414792 ], [ -1.4241801, 50.9414691 ], [ -1.4243435, 50.9415239 ], [ -1.4246977, 50.9415261 ], [ -1.4224063, 50.9388709 ], [ -1.4223289, 50.9388196 ], [ -1.4222477, 50.9387657 ], [ -1.4220119, 50.9386261 ], [ -1.4216164, 50.9388813 ], [ -1.4209298, 50.9388976 ], [ -1.4202677, 50.9381252 ], [ -1.4201304, 50.9379651 ], [ -1.4198118, 50.9376265 ], [ -1.4199196, 50.9370834 ], [ -1.4197878, 50.937007 ], [ -1.4191919, 50.9373706 ], [ -1.4184806, 50.9378075 ], [ -1.4182232, 50.937641 ], [ -1.4182141, 50.9378033 ], [ -1.4183014, 50.9378957 ], [ -1.418442, 50.9379415 ], [ -1.4186984, 50.9381041 ], [ -1.4186969, 50.9381393 ], [ -1.418682, 50.9384967 ], [ -1.4181913, 50.9384968 ], [ -1.4180798, 50.9386231 ], [ -1.4181855, 50.9387824 ], [ -1.4182987, 50.9389531 ], [ -1.4162663, 50.9393349 ], [ -1.415902, 50.9397818 ], [ -1.4157156, 50.9399539 ], [ -1.4154828, 50.9400674 ], [ -1.4152993, 50.9402256 ], [ -1.4152461, 50.94029 ], [ -1.4152145, 50.9404163 ], [ -1.4152199, 50.9405426 ], [ -1.4152557, 50.9406208 ], [ -1.4153547, 50.9406751 ], [ -1.4153551, 50.940738 ], [ -1.4153854, 50.9407818 ], [ -1.4155113, 50.9408197 ], [ -1.4156429, 50.9408256 ], [ -1.4157735, 50.9408219 ], [ -1.41589, 50.9408554 ], [ -1.4159996, 50.94092 ], [ -1.4160537, 50.9409797 ], [ -1.4161434, 50.9410138 ], [ -1.4162428, 50.9410218 ], [ -1.4163041, 50.9410209 ], [ -1.416349, 50.9410202 ], [ -1.4164494, 50.9410501 ], [ -1.416494, 50.9412427 ], [ -1.4165696, 50.9415693 ], [ -1.4164918, 50.9418556 ], [ -1.4164684, 50.9419417 ], [ -1.4151953, 50.9417538 ], [ -1.4151352, 50.9418944 ], [ -1.4152352, 50.9420173 ], [ -1.4154773, 50.9420696 ], [ -1.4154529, 50.9422351 ], [ -1.4154383, 50.9423057 ], [ -1.4161644, 50.9423863 ], [ -1.4161392, 50.942509 ], [ -1.4162807, 50.9425211 ], [ -1.4164429, 50.9425405 ], [ -1.4163807, 50.9426752 ], [ -1.4162974, 50.9428103 ], [ -1.416158, 50.9429003 ], [ -1.4160406, 50.9429474 ], [ -1.4154254, 50.9430814 ], [ -1.4149264, 50.9429789 ], [ -1.4144847, 50.9430347 ], [ -1.4142344, 50.9430445 ], [ -1.4138674, 50.9437512 ], [ -1.4137494, 50.9440081 ], [ -1.4141244, 50.9440493 ], [ -1.414207, 50.9440584 ], [ -1.414213, 50.9439558 ], [ -1.4152279, 50.9438222 ], [ -1.4163649, 50.9436847 ], [ -1.4168663, 50.9434066 ], [ -1.4177139, 50.9434809 ], [ -1.4183445, 50.9435482 ], [ -1.4184367, 50.9435924 ], [ -1.4200765, 50.9437896 ], [ -1.4202937, 50.9437324 ], [ -1.4204783, 50.9436547 ], [ -1.4206397, 50.943695 ], [ -1.4208209, 50.9436397 ], [ -1.4210441, 50.9436461 ], [ -1.4215157, 50.9434284 ], [ -1.4218045, 50.9433414 ], [ -1.422103, 50.9431639 ], [ -1.4224798, 50.9428722 ], [ -1.4226518, 50.9427342 ], [ -1.4227794, 50.9426815 ], [ -1.4229743, 50.9426502 ], [ -1.4232297, 50.9428857 ] ] ] } },
{ "type": "Feature", "properties": { "leisure": "park", "name": "Hinkler Park", "access": "yes" }, "geometry": { "type": "Polygon", "coordinates": [ [ [ -1.3313144, 50.9070889 ], [ -1.3310053, 50.9071362 ], [ -1.3306245, 50.907214 ], [ -1.3308605, 50.9074592 ], [ -1.3298467, 50.9078162 ], [ -1.3298024, 50.9078461 ], [ -1.3298019, 50.9078836 ], [ -1.329781, 50.9079321 ], [ -1.329755, 50.9079659 ], [ -1.3296912, 50.9080055 ], [ -1.3304018, 50.9087539 ], [ -1.3307352, 50.9086218 ], [ -1.3308281, 50.908585 ], [ -1.3323099, 50.9080393 ], [ -1.3322813, 50.9080108 ], [ -1.3329163, 50.9077924 ], [ -1.333354, 50.9074514 ], [ -1.3330675, 50.907276 ], [ -1.332728, 50.9071431 ], [ -1.3323659, 50.9070636 ], [ -1.331867, 50.9070399 ], [ -1.3313144, 50.9070889 ] ] ] } },
{ "type": "Feature", "properties": { "leisure": "park", "name": null, "access": "yes" }, "geometry": { "type": "Polygon", "coordinates": [ [ [ -1.3613671, 50.8933369 ], [ -1.361254, 50.8933086 ], [ -1.3604023, 50.8929824 ], [ -1.3605322, 50.8927349 ], [ -1.3607539, 50.8926884 ], [ -1.3609899, 50.8927087 ], [ -1.3612729, 50.892761 ], [ -1.3615023, 50.8929773 ], [ -1.3616507, 50.8931604 ], [ -1.3616272, 50.8932173 ], [ -1.3613671, 50.8933369 ] ] ] } },
{ "type": "Feature", "properties": { "leisure": "park", "name": null, "access": "yes" }, "geometry": { "type": "Polygon", "coordinates": [ [ [ -1.362966, 50.8936561 ], [ -1.3623664, 50.8934631 ], [ -1.3622827, 50.893459 ], [ -1.3620629, 50.8931979 ], [ -1.3625456, 50.8931486 ], [ -1.3628997, 50.8931553 ], [ -1.3630928, 50.8932433 ], [ -1.3633679, 50.8933948 ], [ -1.3631035, 50.8935343 ], [ -1.362966, 50.8936561 ] ] ] } },
{ "type": "Feature", "properties": { "leisure": "park", "name": null, "access": "yes" }, "geometry": { "type": "Polygon", "coordinates": [ [ [ -1.4568296, 50.9236706 ], [ -1.4567902, 50.9236702 ], [ -1.4567588, 50.9236762 ], [ -1.456631, 50.9237186 ], [ -1.4565661, 50.92374 ], [ -1.4564366, 50.9237793 ], [ -1.4563646, 50.923745 ], [ -1.4562202, 50.9236763 ], [ -1.4561964, 50.9237226 ], [ -1.4561815, 50.9237704 ], [ -1.4561794, 50.9238221 ], [ -1.4561841, 50.9238723 ], [ -1.4562182, 50.9239455 ], [ -1.4562682, 50.9240163 ], [ -1.4563238, 50.924072 ], [ -1.4564412, 50.9241429 ], [ -1.4565522, 50.9241896 ], [ -1.4567046, 50.9242247 ], [ -1.4569016, 50.9242334 ], [ -1.4569513, 50.9241873 ], [ -1.456947, 50.9238782 ], [ -1.4569348, 50.9238533 ], [ -1.4569045, 50.9238398 ], [ -1.4568974, 50.9237823 ], [ -1.4568697, 50.9237211 ], [ -1.4568296, 50.9236706 ] ] ] } },
{ "type": "Feature", "properties": { "leisure": "park", "name": null, "access": "yes" }, "geometry": { "type": "Polygon", "coordinates": [ [ [ -1.4443983, 50.9333499 ], [ -1.4442243, 50.9336035 ], [ -1.4439001, 50.9339678 ], [ -1.4434254, 50.9337607 ], [ -1.44293, 50.9341101 ], [ -1.4429359, 50.9340288 ], [ -1.4427179, 50.9338088 ], [ -1.4438337, 50.9332737 ], [ -1.4440153, 50.933314 ], [ -1.4441999, 50.9333196 ], [ -1.4443983, 50.9333499 ] ] ] } },
{ "type": "Feature", "properties": { "leisure": "park", "name": null, "access": "yes" }, "geometry": { "type": "Polygon", "coordinates": [ [ [ -1.3629244, 50.9313652 ], [ -1.3633377, 50.9314285 ], [ -1.3638791, 50.9317234 ], [ -1.3639765, 50.9317764 ], [ -1.3643326, 50.9321495 ], [ -1.3646537, 50.9324859 ], [ -1.364693, 50.9324659 ], [ -1.3649663, 50.9327651 ], [ -1.3650694, 50.9327199 ], [ -1.3649059, 50.9325606 ], [ -1.3647845, 50.9324193 ], [ -1.3649329, 50.9323583 ], [ -1.3651393, 50.9322804 ], [ -1.3652096, 50.9322431 ], [ -1.3652361, 50.9322034 ], [ -1.3653783, 50.9321408 ], [ -1.3654489, 50.9321192 ], [ -1.3655444, 50.9320707 ], [ -1.3656536, 50.9320094 ], [ -1.3656822, 50.9319958 ], [ -1.3654262, 50.930948 ], [ -1.3653777, 50.930622 ], [ -1.3654392, 50.930001 ], [ -1.3654619, 50.9297721 ], [ -1.3651316, 50.9291017 ], [ -1.3638184, 50.9292935 ], [ -1.3638596, 50.9300701 ], [ -1.3636563, 50.9304439 ], [ -1.3629244, 50.9313652 ] ] ] } },
{ "type": "Feature", "properties": { "leisure": "park", "name": null, "access": "yes" }, "geometry": { "type": "Polygon", "coordinates": [ [ [ -1.372886, 50.8880049 ], [ -1.3729008, 50.8879152 ], [ -1.3728854, 50.8878864 ], [ -1.3728511, 50.8878585 ], [ -1.3727915, 50.8878432 ], [ -1.3725796, 50.8878204 ], [ -1.3724394, 50.8878069 ], [ -1.3723885, 50.887812 ], [ -1.3722993, 50.8878356 ], [ -1.3722605, 50.887861 ], [ -1.3722302, 50.8879059 ], [ -1.3722302, 50.8879406 ], [ -1.3723417, 50.8881838 ], [ -1.3724274, 50.8881386 ], [ -1.3725045, 50.8881444 ], [ -1.3725642, 50.8881859 ], [ -1.3728207, 50.8882614 ], [ -1.3729994, 50.8883314 ], [ -1.3729222, 50.8882325 ], [ -1.372882, 50.8881309 ], [ -1.372886, 50.8880049 ] ] ] } },
{ "type": "Feature", "properties": { "leisure": "park", "name": null, "access": "yes" }, "geometry": { "type": "Polygon", "coordinates": [ [ [ -1.4355706, 50.9161714 ], [ -1.4345111, 50.916212 ], [ -1.434318, 50.9159558 ], [ -1.4350583, 50.9157655 ], [ -1.4349188, 50.9155685 ], [ -1.4350489, 50.9155313 ], [ -1.4351327, 50.9156488 ], [ -1.4351991, 50.9157111 ], [ -1.4355706, 50.9161714 ] ] ] } },
{ "type": "Feature", "properties": { "leisure": "park", "name": null, "access": "yes" }, "geometry": { "type": "Polygon", "coordinates": [ [ [ -1.4169346, 50.9197976 ], [ -1.4170231, 50.9198078 ], [ -1.4170258, 50.9198915 ], [ -1.4171143, 50.9198872 ], [ -1.4170499, 50.9200318 ], [ -1.4170057, 50.9200487 ], [ -1.4169587, 50.9201527 ], [ -1.4169748, 50.920184 ], [ -1.416952, 50.9202466 ], [ -1.4169104, 50.9202677 ], [ -1.4168836, 50.9203235 ], [ -1.4168488, 50.9203489 ], [ -1.4167979, 50.92035 ], [ -1.4165579, 50.9203111 ], [ -1.4165096, 50.9202866 ], [ -1.416342, 50.9202799 ], [ -1.4162989, 50.920304 ], [ -1.4161876, 50.9202804 ], [ -1.4161435, 50.9202604 ], [ -1.416079, 50.9202626 ], [ -1.4159998, 50.9202922 ], [ -1.4159341, 50.920304 ], [ -1.4158805, 50.9202821 ], [ -1.4156927, 50.9202838 ], [ -1.4156714, 50.920301 ], [ -1.4155546, 50.9203015 ], [ -1.4155373, 50.9198026 ], [ -1.416197, 50.9197969 ], [ -1.4169346, 50.9197976 ] ] ] } },
{ "type": "Feature", "properties": { "leisure": "garden", "name": "Valley Gardens", "access": "yes" }, "geometry": { "type": "Polygon", "coordinates": [ [ [ -1.3977339, 50.9337706 ], [ -1.3976416, 50.9337334 ], [ -1.3975847, 50.9337224 ], [ -1.3974597, 50.9336981 ], [ -1.3973307, 50.9337538 ], [ -1.3972866, 50.9336228 ], [ -1.3971438, 50.9335307 ], [ -1.3970502, 50.9333455 ], [ -1.3969533, 50.933209 ], [ -1.3968171, 50.9331531 ], [ -1.39654, 50.9331068 ], [ -1.3964409, 50.93286 ], [ -1.3974528, 50.9327358 ], [ -1.3978599, 50.9328391 ], [ -1.3977485, 50.9329243 ], [ -1.3976157, 50.9330259 ], [ -1.3977012, 50.9332173 ], [ -1.3977744, 50.9332669 ], [ -1.3978367, 50.9333092 ], [ -1.3979019, 50.9333535 ], [ -1.3979668, 50.9333975 ], [ -1.3980421, 50.9334485 ], [ -1.3980843, 50.9334772 ], [ -1.3981124, 50.9334892 ], [ -1.3981941, 50.933524 ], [ -1.3982757, 50.9335589 ], [ -1.3983629, 50.9335961 ], [ -1.3984412, 50.9336295 ], [ -1.3985186, 50.9336625 ], [ -1.3985535, 50.9336774 ], [ -1.3985321, 50.9337077 ], [ -1.398421, 50.933865 ], [ -1.3982678, 50.9338474 ], [ -1.3981075, 50.9338103 ], [ -1.3979517, 50.9337895 ], [ -1.3978449, 50.9337653 ], [ -1.3978016, 50.9337747 ], [ -1.3977666, 50.9337914 ], [ -1.3977339, 50.9337706 ] ] ] } },
{ "type": "Feature", "properties": { "leisure": "park", "name": null, "access": "yes" }, "geometry": { "type": "Polygon", "coordinates": [ [ [ -1.3971895, 50.9303179 ], [ -1.3968819, 50.9307215 ], [ -1.3963245, 50.9305428 ], [ -1.3966249, 50.9301354 ], [ -1.3971895, 50.9303179 ] ] ] } },
{ "type": "Feature", "properties": { "leisure": "garden", "name": null, "access": "yes" }, "geometry": { "type": "Polygon", "coordinates": [ [ [ -1.3746373, 50.938429 ], [ -1.3747139, 50.9384093 ], [ -1.37454, 50.9381582 ], [ -1.3744608, 50.9381771 ], [ -1.3745456, 50.9382981 ], [ -1.3746373, 50.938429 ] ] ] } },
{ "type": "Feature", "properties": { "leisure": "garden", "name": null, "access": "yes" }, "geometry": { "type": "Polygon", "coordinates": [ [ [ -1.3747581, 50.9386015 ], [ -1.374835, 50.9385829 ], [ -1.3747506, 50.9384585 ], [ -1.374672, 50.9384787 ], [ -1.3747581, 50.9386015 ] ] ] } },
{ "type": "Feature", "properties": { "leisure": "garden", "name": null, "access": "yes" }, "geometry": { "type": "Polygon", "coordinates": [ [ [ -1.3752051, 50.9376406 ], [ -1.3752132, 50.9376338 ], [ -1.3752118, 50.9376194 ], [ -1.3751247, 50.9374927 ], [ -1.3751059, 50.937491 ], [ -1.37489, 50.9375459 ], [ -1.3748873, 50.9375603 ], [ -1.3748779, 50.9375789 ], [ -1.3748578, 50.9375949 ], [ -1.3748618, 50.9376118 ], [ -1.3749235, 50.9377014 ], [ -1.3749342, 50.9377099 ], [ -1.3749637, 50.9377065 ], [ -1.3752051, 50.9376406 ] ] ] } },
{ "type": "Feature", "properties": { "leisure": "garden", "name": null, "access": "yes" }, "geometry": { "type": "Polygon", "coordinates": [ [ [ -1.3745835, 50.9380859 ], [ -1.3748598, 50.9379668 ], [ -1.3748272, 50.9379159 ], [ -1.3747578, 50.9379349 ], [ -1.3747507, 50.9379246 ], [ -1.3747099, 50.9379358 ], [ -1.3747003, 50.9379218 ], [ -1.3745113, 50.9379738 ], [ -1.3745835, 50.9380859 ] ] ] } },
{ "type": "Feature", "properties": { "leisure": "garden", "name": null, "access": "yes" }, "geometry": { "type": "Polygon", "coordinates": [ [ [ -1.3748793, 50.9375231 ], [ -1.3748652, 50.9375265 ], [ -1.3748538, 50.9375261 ], [ -1.374843, 50.9375206 ], [ -1.3748236, 50.9375155 ], [ -1.3748062, 50.9375134 ], [ -1.3747928, 50.9375041 ], [ -1.3747331, 50.9374208 ], [ -1.3747391, 50.9374141 ], [ -1.3750013, 50.9373418 ], [ -1.375014, 50.9373435 ], [ -1.3750281, 50.9373524 ], [ -1.3750952, 50.9374542 ], [ -1.3750972, 50.9374606 ], [ -1.3750905, 50.9374677 ], [ -1.3748793, 50.9375231 ] ] ] } },
{ "type": "Feature", "properties": { "leisure": "garden", "name": null, "access": "yes" }, "geometry": { "type": "Polygon", "coordinates": [ [ [ -1.374717, 50.9375683 ], [ -1.3747297, 50.9375611 ], [ -1.3747331, 50.9375476 ], [ -1.3747337, 50.9375396 ], [ -1.3747485, 50.937532 ], [ -1.3747545, 50.9375218 ], [ -1.3746922, 50.9374297 ], [ -1.3746821, 50.9374284 ], [ -1.3744119, 50.9375003 ], [ -1.3744085, 50.9375079 ], [ -1.3744863, 50.9376275 ], [ -1.3744984, 50.9376304 ], [ -1.374717, 50.9375683 ] ] ] } },
{ "type": "Feature", "properties": { "leisure": "garden", "name": null, "access": "yes" }, "geometry": { "type": "Polygon", "coordinates": [ [ [ -1.3753433, 50.938435 ], [ -1.3749074, 50.9385541 ], [ -1.3746204, 50.9381375 ], [ -1.3747384, 50.9380564 ], [ -1.3748913, 50.9380116 ], [ -1.3749597, 50.9380843 ], [ -1.3750885, 50.9380437 ], [ -1.3751381, 50.9381197 ], [ -1.375126, 50.9381214 ], [ -1.3753433, 50.938435 ] ] ] } },
{ "type": "Feature", "properties": { "leisure": "garden", "name": null, "access": "yes" }, "geometry": { "type": "Polygon", "coordinates": [ [ [ -1.3748839, 50.937712 ], [ -1.3748866, 50.9377238 ], [ -1.3748679, 50.9377323 ], [ -1.3746191, 50.9377994 ], [ -1.374603, 50.9377994 ], [ -1.3745943, 50.9377868 ], [ -1.3745105, 50.9376621 ], [ -1.3745091, 50.9376545 ], [ -1.3745265, 50.9376482 ], [ -1.3747438, 50.9375907 ], [ -1.3748008, 50.9376034 ], [ -1.3748162, 50.9376106 ], [ -1.3748839, 50.937712 ] ] ] } },
{ "type": "Feature", "properties": { "leisure": "garden", "name": "Woolston Millenium Garden", "access": "yes" }, "geometry": { "type": "Polygon", "coordinates": [ [ [ -1.3792136, 50.8981885 ], [ -1.3790619, 50.898183 ], [ -1.3788929, 50.8983406 ], [ -1.378964, 50.898366 ], [ -1.379196, 50.8983821 ], [ -1.3792136, 50.8981885 ] ] ] } },
{ "type": "Feature", "properties": { "leisure": "park", "name": "Octavia Road Open Space", "access": "yes" }, "geometry": { "type": "Polygon", "coordinates": [ [ [ -1.3699253, 50.9378209 ], [ -1.3699013, 50.9378301 ], [ -1.3698751, 50.9378402 ], [ -1.3696723, 50.9379051 ], [ -1.3695977, 50.9379089 ], [ -1.369539, 50.9378982 ], [ -1.369291, 50.9378404 ], [ -1.3692029, 50.9378198 ], [ -1.3691738, 50.9377277 ], [ -1.3690983, 50.9376439 ], [ -1.3690045, 50.937605 ], [ -1.368801, 50.937562 ], [ -1.3687071, 50.937562 ], [ -1.3683477, 50.937606 ], [ -1.3682377, 50.9376094 ], [ -1.3680849, 50.9375739 ], [ -1.3679638, 50.9375374 ], [ -1.3678913, 50.9374834 ], [ -1.3678538, 50.9374107 ], [ -1.3677975, 50.9371994 ], [ -1.3677496, 50.9370871 ], [ -1.3677523, 50.9369569 ], [ -1.3678032, 50.9368842 ], [ -1.367932, 50.9368386 ], [ -1.368063, 50.9368258 ], [ -1.3682807, 50.9368048 ], [ -1.3683048, 50.9367896 ], [ -1.3684577, 50.9367558 ], [ -1.3687152, 50.9367186 ], [ -1.3688305, 50.9367237 ], [ -1.3689405, 50.936749 ], [ -1.3690581, 50.9368208 ], [ -1.3691417, 50.9369873 ], [ -1.3692861, 50.9372078 ], [ -1.3692972, 50.9373575 ], [ -1.3693045, 50.9374484 ], [ -1.3693304, 50.9374613 ], [ -1.3699253, 50.9378209 ] ] ] } },
{ "type": "Feature", "properties": { "leisure": "garden", "name": null, "access": "yes" }, "geometry": { "type": "Polygon", "coordinates": [ [ [ -1.3758403, 50.9356872 ], [ -1.3762026, 50.9356606 ], [ -1.3763195, 50.9356469 ], [ -1.376514, 50.9355993 ], [ -1.3765595, 50.9355328 ], [ -1.3766402, 50.9354793 ], [ -1.3767452, 50.9354559 ], [ -1.3776918, 50.9363477 ], [ -1.3776509, 50.9363643 ], [ -1.3777004, 50.9364151 ], [ -1.3776603, 50.9364304 ], [ -1.3775946, 50.9364583 ], [ -1.3775772, 50.9364541 ], [ -1.3773975, 50.9365149 ], [ -1.3773961, 50.9365352 ], [ -1.3771386, 50.9365961 ], [ -1.3771467, 50.9366113 ], [ -1.376959, 50.9366527 ], [ -1.3769255, 50.93664 ], [ -1.3768866, 50.9366476 ], [ -1.3768772, 50.9366713 ], [ -1.3767028, 50.936711 ], [ -1.3767163, 50.9367287 ], [ -1.3766961, 50.9367524 ], [ -1.3767083, 50.9367702 ], [ -1.3767391, 50.9367803 ], [ -1.3767676, 50.9368237 ], [ -1.376821, 50.9368116 ], [ -1.3768276, 50.9368226 ], [ -1.3768986, 50.9368061 ], [ -1.3768885, 50.9368313 ], [ -1.3768559, 50.9368598 ], [ -1.3767842, 50.9369182 ], [ -1.3767221, 50.9369594 ], [ -1.3765427, 50.9370779 ], [ -1.3765037, 50.9371005 ], [ -1.3764152, 50.9371576 ], [ -1.3763609, 50.9370715 ], [ -1.3761815, 50.9367323 ], [ -1.3759408, 50.9361862 ], [ -1.3758253, 50.9361363 ], [ -1.3757509, 50.9361234 ], [ -1.3755765, 50.9361328 ], [ -1.3755057, 50.9361499 ], [ -1.3754067, 50.9361739 ], [ -1.3753512, 50.9361927 ], [ -1.3751248, 50.9362696 ], [ -1.3746273, 50.9364929 ], [ -1.3749549, 50.936938 ], [ -1.3737838, 50.9372399 ], [ -1.3734246, 50.9366934 ], [ -1.37369, 50.9366436 ], [ -1.374057, 50.9365542 ], [ -1.3742803, 50.9364756 ], [ -1.3744759, 50.9363422 ], [ -1.374593, 50.9362096 ], [ -1.3746834, 50.9360887 ], [ -1.374739, 50.9360368 ], [ -1.3748549, 50.9359743 ], [ -1.3749826, 50.9359365 ], [ -1.3753053, 50.935846 ], [ -1.3756104, 50.93575 ], [ -1.3758403, 50.9356872 ] ] ] } },
{ "type": "Feature", "properties": { "leisure": "garden", "name": null, "access": "private" }, "geometry": { "type": "Polygon", "coordinates": [ [ [ -1.374426, 50.9381273 ], [ -1.3745056, 50.9381087 ], [ -1.374418, 50.9379788 ], [ -1.3744386, 50.9379722 ], [ -1.374462, 50.9379646 ], [ -1.3742699, 50.9376909 ], [ -1.374308, 50.9376802 ], [ -1.3742832, 50.9376436 ], [ -1.3741993, 50.9375233 ], [ -1.3742025, 50.9374953 ], [ -1.3740731, 50.9375285 ], [ -1.3740189, 50.9374447 ], [ -1.373977, 50.9374554 ], [ -1.3739511, 50.9374153 ], [ -1.3739033, 50.937351 ], [ -1.3737752, 50.937387 ], [ -1.3736732, 50.9374157 ], [ -1.3733769, 50.937442 ], [ -1.3734175, 50.9375649 ], [ -1.3734024, 50.9376909 ], [ -1.3733569, 50.937801 ], [ -1.3734576, 50.9380667 ], [ -1.3734454, 50.9381495 ], [ -1.3734837, 50.9382189 ], [ -1.373738, 50.9384111 ], [ -1.3738281, 50.9385154 ], [ -1.3738375, 50.9385634 ], [ -1.3737281, 50.9387142 ], [ -1.37373, 50.9387365 ], [ -1.3738737, 50.9388056 ], [ -1.3742249, 50.9387976 ], [ -1.374568, 50.9387757 ], [ -1.3746149, 50.9386413 ], [ -1.3744024, 50.9383379 ], [ -1.3741924, 50.938038 ], [ -1.3743356, 50.9379982 ], [ -1.374426, 50.9381273 ] ] ] } },
{ "type": "Feature", "properties": { "leisure": "park", "name": "Engineering Square", "access": "yes" }, "geometry": { "type": "Polygon", "coordinates": [ [ [ -1.3948289, 50.9348661 ], [ -1.3947747, 50.9349328 ], [ -1.3947454, 50.9349655 ], [ -1.3946716, 50.9350179 ], [ -1.3946013, 50.9350585 ], [ -1.3945455, 50.9350943 ], [ -1.3945044, 50.9351309 ], [ -1.3944717, 50.9351734 ], [ -1.394463, 50.9352061 ], [ -1.394464, 50.9352322 ], [ -1.3944703, 50.9352825 ], [ -1.3940714, 50.9351627 ], [ -1.3940781, 50.9351075 ], [ -1.3941097, 50.9350912 ], [ -1.394119, 50.9350792 ], [ -1.3940884, 50.9350731 ], [ -1.3940616, 50.9350579 ], [ -1.394051, 50.9350471 ], [ -1.3940421, 50.9350242 ], [ -1.3940449, 50.9350008 ], [ -1.394057, 50.9349829 ], [ -1.3940745, 50.934974 ], [ -1.394098, 50.9349668 ], [ -1.3940835, 50.9349402 ], [ -1.3940618, 50.9349255 ], [ -1.3940359, 50.934918 ], [ -1.3940755, 50.9348639 ], [ -1.3941154, 50.93485 ], [ -1.3942352, 50.9346961 ], [ -1.3947364, 50.9348376 ], [ -1.3948097, 50.9348601 ], [ -1.3948289, 50.9348661 ] ] ] } },
{ "type": "Feature", "properties": { "leisure": "park", "name": "Mansel Park", "access": "yes" }, "geometry": { "type": "Polygon", "coordinates": [ [ [ -1.4639551, 50.9272783 ], [ -1.4637412, 50.9280649 ], [ -1.4634069, 50.9287942 ], [ -1.4628296, 50.9295218 ], [ -1.4625948, 50.9297743 ], [ -1.4621914, 50.9301151 ], [ -1.4615305, 50.9303694 ], [ -1.4606035, 50.9305154 ], [ -1.4601693, 50.930522 ], [ -1.4597207, 50.9304458 ], [ -1.4581127, 50.9297342 ], [ -1.4589145, 50.9291547 ], [ -1.4594604, 50.9286872 ], [ -1.4595066, 50.928488 ], [ -1.4596695, 50.928498 ], [ -1.4596918, 50.9284281 ], [ -1.4599667, 50.9284686 ], [ -1.4600566, 50.9281103 ], [ -1.4597881, 50.9280986 ], [ -1.4596387, 50.9280915 ], [ -1.45967, 50.9279958 ], [ -1.459678, 50.9267807 ], [ -1.4600573, 50.9267862 ], [ -1.4600699, 50.9267542 ], [ -1.4620212, 50.9267694 ], [ -1.4620105, 50.927063 ], [ -1.4626848, 50.9272003 ], [ -1.4633461, 50.9272413 ], [ -1.4637027, 50.9272634 ], [ -1.4639551, 50.9272783 ] ] ] } },
{ "type": "Feature", "properties": { "leisure": "park", "name": null, "access": "yes" }, "geometry": { "type": "Polygon", "coordinates": [ [ [ -1.4689014, 50.9249021 ], [ -1.4695938, 50.9248367 ], [ -1.4701283, 50.9247863 ], [ -1.4707804, 50.9258672 ], [ -1.4716895, 50.9273742 ], [ -1.4723643, 50.9287229 ], [ -1.4722177, 50.9287499 ], [ -1.4714549, 50.9288904 ], [ -1.4714786, 50.9289536 ], [ -1.4714177, 50.9289684 ], [ -1.4712187, 50.9290169 ], [ -1.4713782, 50.9293556 ], [ -1.4709471, 50.9295231 ], [ -1.4703153, 50.9299213 ], [ -1.4681996, 50.929626 ], [ -1.4683888, 50.929491 ], [ -1.4685605, 50.9293523 ], [ -1.4688036, 50.9288253 ], [ -1.4688287, 50.9287708 ], [ -1.4688609, 50.9287167 ], [ -1.4688612, 50.9286437 ], [ -1.468862, 50.9284639 ], [ -1.4688624, 50.9283596 ], [ -1.4688713, 50.9262732 ], [ -1.4689014, 50.9249021 ] ] ] } },
{ "type": "Feature", "properties": { "leisure": "park", "name": "Lawn road open space", "access": "yes" }, "geometry": { "type": "Polygon", "coordinates": [ [ [ -1.3911059, 50.9206735 ], [ -1.390927, 50.9207141 ], [ -1.3908789, 50.9207188 ], [ -1.3908399, 50.9207127 ], [ -1.3908053, 50.9206871 ], [ -1.3907941, 50.92067 ], [ -1.3907144, 50.9205498 ], [ -1.3906265, 50.9204077 ], [ -1.3906198, 50.9203764 ], [ -1.39064, 50.9203461 ], [ -1.3907016, 50.9203253 ], [ -1.3913205, 50.9202227 ], [ -1.3913227, 50.9202562 ], [ -1.3912759, 50.9202911 ], [ -1.3911601, 50.9203105 ], [ -1.3911197, 50.9203493 ], [ -1.3911091, 50.9203888 ], [ -1.3911017, 50.9204404 ], [ -1.3910964, 50.9205101 ], [ -1.3910974, 50.9205657 ], [ -1.3910613, 50.9206233 ], [ -1.3911059, 50.9206735 ] ] ] } },
{ "type": "Feature", "properties": { "leisure": "park", "name": null, "access": "yes" }, "geometry": { "type": "Polygon", "coordinates": [ [ [ -1.3983668, 50.9000369 ], [ -1.3983716, 50.9000768 ], [ -1.3983884, 50.9002012 ], [ -1.398407, 50.9002392 ], [ -1.3983311, 50.9002594 ], [ -1.398196, 50.9002783 ], [ -1.3981628, 50.900285 ], [ -1.3981572, 50.9002996 ], [ -1.3980753, 50.9002917 ], [ -1.3981128, 50.9001363 ], [ -1.3981485, 50.9001379 ], [ -1.3981722, 50.9000534 ], [ -1.3981841, 50.9000179 ], [ -1.3983668, 50.9000369 ] ] ] } },
{ "type": "Feature", "properties": { "leisure": "park", "name": null, "access": "yes" }, "geometry": { "type": "Polygon", "coordinates": [ [ [ -1.3988082, 50.9005527 ], [ -1.3988169, 50.9005022 ], [ -1.3987919, 50.9004861 ], [ -1.3979681, 50.9004186 ], [ -1.3979605, 50.9004364 ], [ -1.3979807, 50.9005526 ], [ -1.3979508, 50.9005547 ], [ -1.3979923, 50.9007926 ], [ -1.3979635, 50.9007946 ], [ -1.3979822, 50.9009016 ], [ -1.3979705, 50.9009024 ], [ -1.3979735, 50.9009198 ], [ -1.3983233, 50.9008955 ], [ -1.398318, 50.9008649 ], [ -1.3984875, 50.9008532 ], [ -1.3984829, 50.9008267 ], [ -1.3985131, 50.9008233 ], [ -1.3984992, 50.9007535 ], [ -1.3986618, 50.9007421 ], [ -1.3986461, 50.900664 ], [ -1.3986372, 50.9006647 ], [ -1.3986302, 50.900627 ], [ -1.3983576, 50.9006472 ], [ -1.3983411, 50.9005586 ], [ -1.3986872, 50.9005329 ], [ -1.3986923, 50.9005602 ], [ -1.3988082, 50.9005527 ] ] ] } },
{ "type": "Feature", "properties": { "leisure": "park", "name": null, "access": "yes" }, "geometry": { "type": "Polygon", "coordinates": [ [ [ -1.3984039, 50.900013 ], [ -1.3983836, 50.8999076 ], [ -1.3982173, 50.8999199 ], [ -1.3982305, 50.8999982 ], [ -1.3984039, 50.900013 ] ] ] } },
{ "type": "Feature", "properties": { "leisure": "park", "name": null, "access": "yes" }, "geometry": { "type": "Polygon", "coordinates": [ [ [ -1.3994169, 50.900079 ], [ -1.3991122, 50.9001011 ], [ -1.3990879, 50.900098 ], [ -1.3990525, 50.900088 ], [ -1.3989928, 50.9000578 ], [ -1.398918, 50.9000503 ], [ -1.3988291, 50.9000444 ], [ -1.3987738, 50.9000285 ], [ -1.3987367, 50.8998316 ], [ -1.3994169, 50.900079 ] ] ] } },
{ "type": "Feature", "properties": { "leisure": "park", "name": "Rollesbrook Greenway", "access": "yes" }, "geometry": { "type": "Polygon", "coordinates": [ [ [ -1.4132165, 50.9134127 ], [ -1.4132032, 50.9135841 ], [ -1.4129537, 50.9136011 ], [ -1.412919, 50.9133436 ], [ -1.4127401, 50.912015 ], [ -1.4132578, 50.9120258 ], [ -1.4132546, 50.911815 ], [ -1.4132469, 50.9113177 ], [ -1.4132461, 50.911074 ], [ -1.4132453, 50.91083 ], [ -1.4131647, 50.9098905 ], [ -1.4135644, 50.9098575 ], [ -1.4136663, 50.9098152 ], [ -1.4138058, 50.9098042 ], [ -1.4139925, 50.9097793 ], [ -1.4140369, 50.9099357 ], [ -1.4137619, 50.909984 ], [ -1.4137512, 50.9102177 ], [ -1.4137368, 50.910532 ], [ -1.413734, 50.9105933 ], [ -1.4138047, 50.9108902 ], [ -1.4137926, 50.9112055 ], [ -1.4146216, 50.9111709 ], [ -1.4148187, 50.911282 ], [ -1.4147495, 50.9114269 ], [ -1.4145774, 50.9115297 ], [ -1.4142285, 50.9117048 ], [ -1.4138505, 50.912462 ], [ -1.4138076, 50.912636 ], [ -1.413315, 50.9128494 ], [ -1.4131701, 50.9131064 ], [ -1.4132165, 50.9134127 ] ] ] } },
{ "type": "Feature", "properties": { "leisure": "park", "name": null, "access": "yes" }, "geometry": { "type": "Polygon", "coordinates": [ [ [ -1.4086705, 50.9179147 ], [ -1.4084426, 50.9179787 ], [ -1.4081548, 50.9175338 ], [ -1.4083647, 50.9174812 ], [ -1.4086705, 50.9179147 ] ] ] } },
{ "type": "Feature", "properties": { "leisure": "park", "name": null, "access": "yes" }, "geometry": { "type": "Polygon", "coordinates": [ [ [ -1.3795233, 50.9473114 ], [ -1.3792127, 50.947375 ], [ -1.3789898, 50.9473354 ], [ -1.3774985, 50.9471973 ], [ -1.3773998, 50.9471665 ], [ -1.3774449, 50.9469439 ], [ -1.3776983, 50.9465152 ], [ -1.3777784, 50.9461167 ], [ -1.3779016, 50.9457866 ], [ -1.3779544, 50.9457494 ], [ -1.3783151, 50.9458291 ], [ -1.3785387, 50.9458586 ], [ -1.3786374, 50.9458276 ], [ -1.3787457, 50.9457073 ], [ -1.3788029, 50.9457117 ], [ -1.3788136, 50.9458658 ], [ -1.3792429, 50.9459973 ], [ -1.3795165, 50.9462829 ], [ -1.3796586, 50.9465465 ], [ -1.379661, 50.9465595 ], [ -1.3797069, 50.9468033 ], [ -1.3796505, 50.9472089 ], [ -1.3796626, 50.9472637 ], [ -1.3795233, 50.9473114 ] ] ] } },
{ "type": "Feature", "properties": { "leisure": "garden", "name": "The Bug Garden", "access": "yes" }, "geometry": { "type": "Polygon", "coordinates": [ [ [ -1.4328871, 50.9285924 ], [ -1.4329085, 50.9286628 ], [ -1.4327208, 50.92882 ], [ -1.4326116, 50.9287167 ], [ -1.4328871, 50.9285924 ] ] ] } },
{ "type": "Feature", "properties": { "leisure": "park", "name": "Southampton Bike Park", "access": "yes" }, "geometry": { "type": "Polygon", "coordinates": [ [ [ -1.4233359, 50.9427799 ], [ -1.4227411, 50.9422879 ], [ -1.4223634, 50.9418945 ], [ -1.4221043, 50.9415168 ], [ -1.4223598, 50.9414336 ], [ -1.4225518, 50.9415156 ], [ -1.422992, 50.9417067 ], [ -1.4233931, 50.9417375 ], [ -1.4237648, 50.9416636 ], [ -1.4239604, 50.9417498 ], [ -1.4242245, 50.9418854 ], [ -1.4233359, 50.9427799 ] ] ] } },
{ "type": "Feature", "properties": { "leisure": "garden", "name": null, "access": "yes" }, "geometry": { "type": "Polygon", "coordinates": [ [ [ -1.4081959, 50.9086465 ], [ -1.4078459, 50.908825 ], [ -1.4078177, 50.9088343 ], [ -1.4077856, 50.9088372 ], [ -1.4076676, 50.9088329 ], [ -1.4076756, 50.9087408 ], [ -1.4081771, 50.9085713 ], [ -1.4082121, 50.908641 ], [ -1.4081959, 50.9086465 ] ] ] } },
{ "type": "Feature", "properties": { "leisure": "garden", "name": null, "access": "yes" }, "geometry": { "type": "Polygon", "coordinates": [ [ [ -1.4078351, 50.9084757 ], [ -1.4078338, 50.9083818 ], [ -1.4080175, 50.9083835 ], [ -1.4080403, 50.9083894 ], [ -1.4080618, 50.9083987 ], [ -1.4080806, 50.908419 ], [ -1.4081449, 50.908551 ], [ -1.4076809, 50.908704 ], [ -1.4076864, 50.9084761 ], [ -1.4078351, 50.9084757 ] ] ] } },
{ "type": "Feature", "properties": { "leisure": "park", "name": "West (Watts) Park", "access": "yes" }, "geometry": { "type": "Polygon", "coordinates": [ [ [ -1.4081079, 50.909655 ], [ -1.4078504, 50.9097416 ], [ -1.4077382, 50.9097641 ], [ -1.4065235, 50.9100082 ], [ -1.4064024, 50.9100325 ], [ -1.4056015, 50.9101934 ], [ -1.4055855, 50.9101966 ], [ -1.4055557, 50.9102038 ], [ -1.4054069, 50.9102398 ], [ -1.4050628, 50.910323 ], [ -1.4050354, 50.9103247 ], [ -1.4050142, 50.910321 ], [ -1.40499, 50.9103073 ], [ -1.4049794, 50.9102807 ], [ -1.4049735, 50.910263 ], [ -1.4049637, 50.9101686 ], [ -1.4049207, 50.909755 ], [ -1.4049658, 50.9097534 ], [ -1.4049693, 50.9097937 ], [ -1.4053977, 50.9097788 ], [ -1.4053758, 50.9095288 ], [ -1.4049451, 50.9095438 ], [ -1.4049481, 50.9095788 ], [ -1.4049053, 50.9095803 ], [ -1.4048619, 50.9091075 ], [ -1.4048759, 50.9090547 ], [ -1.4049179, 50.909026 ], [ -1.4049641, 50.9090203 ], [ -1.4050107, 50.9090376 ], [ -1.4050332, 50.9090219 ], [ -1.4050719, 50.908995 ], [ -1.4051096, 50.9089688 ], [ -1.405301, 50.9089626 ], [ -1.4052985, 50.9089437 ], [ -1.4054465, 50.9089373 ], [ -1.4055177, 50.9089343 ], [ -1.4056035, 50.9089306 ], [ -1.4064281, 50.9089394 ], [ -1.4064885, 50.9089401 ], [ -1.4077851, 50.908954 ], [ -1.4078715, 50.9089501 ], [ -1.4079462, 50.9089344 ], [ -1.4080186, 50.9089054 ], [ -1.408197, 50.908812 ], [ -1.4082915, 50.9087625 ], [ -1.4084175, 50.9090117 ], [ -1.4084507, 50.9091031 ], [ -1.4084684, 50.9091517 ], [ -1.4084942, 50.9092816 ], [ -1.4084952, 50.9093387 ], [ -1.4084645, 50.9094212 ], [ -1.4084222, 50.9094803 ], [ -1.4083636, 50.909532 ], [ -1.4083333, 50.9095517 ], [ -1.4082986, 50.9095743 ], [ -1.4082362, 50.9096031 ], [ -1.4081079, 50.909655 ] ] ] } },
{ "type": "Feature", "properties": { "leisure": "park", "name": null, "access": "yes" }, "geometry": { "type": "Polygon", "coordinates": [ [ [ -1.3354769, 50.9022879 ], [ -1.3351307, 50.9021231 ], [ -1.334502, 50.9026487 ], [ -1.3348482, 50.9028134 ], [ -1.3354769, 50.9022879 ] ] ] } },
{ "type": "Feature", "properties": { "leisure": "park", "name": "Riverside Park", "access": "yes" }, "geometry": { "type": "Polygon", "coordinates": [ [ [ -1.3775272, 50.9244798 ], [ -1.3769513, 50.9244611 ], [ -1.3767847, 50.9244596 ], [ -1.3766629, 50.9244604 ], [ -1.3765902, 50.9244672 ], [ -1.3765065, 50.9244799 ], [ -1.3764721, 50.9251603 ], [ -1.376464, 50.9254018 ], [ -1.3766435, 50.9257362 ], [ -1.377915, 50.9267454 ], [ -1.3781282, 50.9270072 ], [ -1.3782445, 50.9272005 ], [ -1.3781939, 50.92723 ], [ -1.3782185, 50.9273507 ], [ -1.3784189, 50.9273504 ], [ -1.3784417, 50.9274452 ], [ -1.3785362, 50.9274371 ], [ -1.3792336, 50.9281712 ], [ -1.3792713, 50.9282108 ], [ -1.3794074, 50.9283638 ], [ -1.3795918, 50.9285881 ], [ -1.3795901, 50.9286408 ], [ -1.3795738, 50.928991 ], [ -1.3784044, 50.9290213 ], [ -1.3783846, 50.928648 ], [ -1.3780141, 50.9286527 ], [ -1.3778929, 50.9290672 ], [ -1.3779018, 50.9290479 ], [ -1.3792152, 50.9293518 ], [ -1.3787361, 50.9303237 ], [ -1.3773798, 50.930064 ], [ -1.3772896, 50.9300467 ], [ -1.3772541, 50.9301147 ], [ -1.3769335, 50.9300457 ], [ -1.3764183, 50.9299255 ], [ -1.3763659, 50.9300274 ], [ -1.3768961, 50.9301461 ], [ -1.3762257, 50.9316079 ], [ -1.3758293, 50.9315199 ], [ -1.3757876, 50.9315896 ], [ -1.37528, 50.9314667 ], [ -1.3723516, 50.9326972 ], [ -1.3721927, 50.9328621 ], [ -1.3721624, 50.932936 ], [ -1.3721734, 50.9330193 ], [ -1.3722064, 50.9330648 ], [ -1.3722901, 50.9330906 ], [ -1.372237, 50.9332112 ], [ -1.3722477, 50.9332788 ], [ -1.3722211, 50.933346 ], [ -1.3696988, 50.9342979 ], [ -1.3672704, 50.9353879 ], [ -1.3669393, 50.9353837 ], [ -1.3670535, 50.9356489 ], [ -1.3654927, 50.9362708 ], [ -1.3650158, 50.9366411 ], [ -1.3648768, 50.9370858 ], [ -1.3647326, 50.9372048 ], [ -1.3644716, 50.9371001 ], [ -1.3640969, 50.9371623 ], [ -1.3636455, 50.9371593 ], [ -1.3635965, 50.9372893 ], [ -1.3636994, 50.9373338 ], [ -1.3638576, 50.9373169 ], [ -1.3639596, 50.9373557 ], [ -1.3639998, 50.9374791 ], [ -1.3640977, 50.9374922 ], [ -1.3641342, 50.9375118 ], [ -1.3645548, 50.9375654 ], [ -1.3646125, 50.9375713 ], [ -1.364665, 50.9375538 ], [ -1.3646816, 50.9375068 ], [ -1.3647243, 50.9375033 ], [ -1.3648057, 50.9374745 ], [ -1.3648181, 50.9374625 ], [ -1.3648717, 50.9374503 ], [ -1.3649345, 50.9373815 ], [ -1.3649441, 50.9373709 ], [ -1.3649685, 50.9373474 ], [ -1.3649878, 50.9373288 ], [ -1.3650878, 50.9372496 ], [ -1.365398, 50.9370587 ], [ -1.3655351, 50.9369583 ], [ -1.365686, 50.9368041 ], [ -1.3658671, 50.9366712 ], [ -1.3661223, 50.9365915 ], [ -1.3663016, 50.9365509 ], [ -1.3666541, 50.9364433 ], [ -1.3669366, 50.9363159 ], [ -1.3671777, 50.9361889 ], [ -1.3673775, 50.936094 ], [ -1.3674908, 50.9360505 ], [ -1.3675897, 50.9360368 ], [ -1.3680328, 50.9359099 ], [ -1.3683807, 50.935798 ], [ -1.3687265, 50.9356848 ], [ -1.3689435, 50.9356274 ], [ -1.3691475, 50.9356056 ], [ -1.3693339, 50.9356061 ], [ -1.3695487, 50.935628 ], [ -1.370249, 50.935731 ], [ -1.3705481, 50.935772 ], [ -1.3706917, 50.9357729 ], [ -1.3708032, 50.9357165 ], [ -1.3708476, 50.9356521 ], [ -1.3709313, 50.9354159 ], [ -1.3709651, 50.9353192 ], [ -1.3710391, 50.9352017 ], [ -1.3711092, 50.9351439 ], [ -1.3711964, 50.9350903 ], [ -1.3713121, 50.9350533 ], [ -1.371481, 50.9350291 ], [ -1.3718414, 50.9350021 ], [ -1.3723512, 50.9349285 ], [ -1.3730502, 50.9348182 ], [ -1.3738427, 50.9346631 ], [ -1.3741701, 50.9345979 ], [ -1.374696, 50.9345006 ], [ -1.3749877, 50.9344528 ], [ -1.3751468, 50.9344472 ], [ -1.3754091, 50.9343841 ], [ -1.3754905, 50.9344298 ], [ -1.3756521, 50.9345056 ], [ -1.3757577, 50.9343084 ], [ -1.3757813, 50.93431 ], [ -1.375902, 50.9343181 ], [ -1.3759203, 50.9342626 ], [ -1.3759511, 50.9341959 ], [ -1.3760738, 50.9341104 ], [ -1.376224, 50.9340589 ], [ -1.3763246, 50.9340301 ], [ -1.3764368, 50.9340125 ], [ -1.3765511, 50.9340164 ], [ -1.376652, 50.9340397 ], [ -1.3768566, 50.9341158 ], [ -1.3770432, 50.9341851 ], [ -1.3771838, 50.934216 ], [ -1.3773238, 50.934219 ], [ -1.3774498, 50.9342107 ], [ -1.377557, 50.9341839 ], [ -1.3777768, 50.9340619 ], [ -1.3780756, 50.9339549 ], [ -1.3783236, 50.9338203 ], [ -1.3785004, 50.9336093 ], [ -1.3785285, 50.9335188 ], [ -1.3785905, 50.933319 ], [ -1.3787216, 50.933307 ], [ -1.378753, 50.9331155 ], [ -1.3788113, 50.9329919 ], [ -1.3790787, 50.9328883 ], [ -1.379576, 50.9327692 ], [ -1.3797388, 50.9326899 ], [ -1.3798557, 50.9326055 ], [ -1.379921, 50.9325262 ], [ -1.3800173, 50.9323105 ], [ -1.3800635, 50.932198 ], [ -1.3801267, 50.9320143 ], [ -1.3798303, 50.931654 ], [ -1.3795253, 50.9315685 ], [ -1.3793422, 50.9315955 ], [ -1.3792975, 50.931518 ], [ -1.3792463, 50.931414 ], [ -1.3791206, 50.9313193 ], [ -1.3793887, 50.9311297 ], [ -1.3795242, 50.9307123 ], [ -1.379365, 50.9306049 ], [ -1.3791879, 50.9304985 ], [ -1.379232, 50.930458 ], [ -1.3794692, 50.9304015 ], [ -1.3797514, 50.9299725 ], [ -1.3800056, 50.9296912 ], [ -1.3800685, 50.929595 ], [ -1.3801252, 50.9294944 ], [ -1.3801581, 50.929396 ], [ -1.3801727, 50.9292875 ], [ -1.3801524, 50.9290877 ], [ -1.3800733, 50.928718 ], [ -1.3799877, 50.9283453 ], [ -1.3798744, 50.9278591 ], [ -1.3798339, 50.9277201 ], [ -1.3797693, 50.9275581 ], [ -1.3796231, 50.9272647 ], [ -1.3794941, 50.927032 ], [ -1.3792655, 50.9267242 ], [ -1.3789056, 50.9262969 ], [ -1.3784095, 50.9257613 ], [ -1.3780645, 50.9253626 ], [ -1.37789, 50.9251449 ], [ -1.3774961, 50.9245325 ], [ -1.3775272, 50.9244798 ] ] ] } },
{ "type": "Feature", "properties": { "leisure": "park", "name": "Vokes Memorial Park", "access": "yes" }, "geometry": { "type": "Polygon", "coordinates": [ [ [ -1.4011731, 50.8965173 ], [ -1.4011272, 50.8965403 ], [ -1.4008287, 50.8966119 ], [ -1.4002097, 50.8966928 ], [ -1.399853, 50.8967364 ], [ -1.3997844, 50.8967237 ], [ -1.3995017, 50.8967533 ], [ -1.3992332, 50.8967586 ], [ -1.3991582, 50.8967735 ], [ -1.3990762, 50.8967818 ], [ -1.399005, 50.8967772 ], [ -1.398932, 50.8967548 ], [ -1.3988971, 50.896729 ], [ -1.3988709, 50.8966812 ], [ -1.3998964, 50.8964906 ], [ -1.3998869, 50.8964724 ], [ -1.400406, 50.8963725 ], [ -1.4004492, 50.8963869 ], [ -1.4011386, 50.8962634 ], [ -1.4012111, 50.8964093 ], [ -1.4012063, 50.8964633 ], [ -1.4011731, 50.8965173 ] ] ] } },
{ "type": "Feature", "properties": { "leisure": "park", "name": "Friends of the Field - Shirley Playing Fields", "access": "yes" }, "geometry": { "type": "Polygon", "coordinates": [ [ [ -1.4227746, 50.9158201 ], [ -1.4221677, 50.9160246 ], [ -1.4202943, 50.91724 ], [ -1.4211612, 50.9178578 ], [ -1.4215474, 50.9181453 ], [ -1.4230038, 50.9173416 ], [ -1.4232091, 50.9172283 ], [ -1.4235698, 50.9170292 ], [ -1.423397, 50.9168951 ], [ -1.423796, 50.9166974 ], [ -1.4230454, 50.9160958 ], [ -1.4230901, 50.9160719 ], [ -1.4227746, 50.9158201 ] ] ] } },
{ "type": "Feature", "properties": { "leisure": "park", "name": null, "access": "yes" }, "geometry": { "type": "Polygon", "coordinates": [ [ [ -1.4049591, 50.9155942 ], [ -1.4049904, 50.9155565 ], [ -1.4049498, 50.9153917 ], [ -1.4048923, 50.9151585 ], [ -1.4048376, 50.9151195 ], [ -1.4039452, 50.9151604 ], [ -1.4040251, 50.9154258 ], [ -1.4041425, 50.9154723 ], [ -1.4041921, 50.9156305 ], [ -1.4042366, 50.9156541 ], [ -1.4042647, 50.9156518 ], [ -1.4049591, 50.9155942 ] ] ] } },
{ "type": "Feature", "properties": { "leisure": "park", "name": "Colebrook Green", "access": "yes" }, "geometry": { "type": "Polygon", "coordinates": [ [ [ -1.4284646, 50.9264661 ], [ -1.428126, 50.9258173 ], [ -1.4276427, 50.9259984 ], [ -1.4271337, 50.9261662 ], [ -1.4273574, 50.9264182 ], [ -1.4274775, 50.9265433 ], [ -1.4275592, 50.9266353 ], [ -1.4276795, 50.9267706 ], [ -1.4284646, 50.9264661 ] ] ] } },
{ "type": "Feature", "properties": { "leisure": "garden", "name": null, "access": "private" }, "geometry": { "type": "Polygon", "coordinates": [ [ [ -1.3972783, 50.9292706 ], [ -1.3972397, 50.9292646 ], [ -1.3972, 50.9292668 ], [ -1.3971638, 50.9292771 ], [ -1.3971348, 50.9292942 ], [ -1.3971162, 50.9293164 ], [ -1.3971102, 50.9293412 ], [ -1.3971172, 50.9293658 ], [ -1.3971367, 50.9293877 ], [ -1.3971664, 50.9294044 ], [ -1.397289, 50.9294487 ], [ -1.397327, 50.9294548 ], [ -1.397366, 50.9294531 ], [ -1.3974022, 50.9294436 ], [ -1.3974318, 50.9294275 ], [ -1.3974518, 50.9294062 ], [ -1.39746, 50.9293821 ], [ -1.3974557, 50.9293575 ], [ -1.3974392, 50.9293351 ], [ -1.3974124, 50.9293171 ], [ -1.3972783, 50.9292706 ] ] ] } },
{ "type": "Feature", "properties": { "leisure": "garden", "name": null, "access": "yes" }, "geometry": { "type": "Polygon", "coordinates": [ [ [ -1.3972911, 50.9364878 ], [ -1.3973033, 50.9365768 ], [ -1.3974601, 50.9366959 ], [ -1.3975883, 50.9366029 ], [ -1.3976064, 50.9365775 ], [ -1.3974478, 50.9365324 ], [ -1.3972911, 50.9364878 ] ] ] } },
{ "type": "Feature", "properties": { "leisure": "garden", "name": null, "access": "yes" }, "geometry": { "type": "Polygon", "coordinates": [ [ [ -1.3970969, 50.9365785 ], [ -1.3970869, 50.936579 ], [ -1.3969287, 50.9365862 ], [ -1.3969214, 50.9365486 ], [ -1.3968398, 50.936552 ], [ -1.3968353, 50.9365247 ], [ -1.3967512, 50.9365302 ], [ -1.3967415, 50.9364753 ], [ -1.3967616, 50.9364742 ], [ -1.3967503, 50.9364211 ], [ -1.3967064, 50.9364246 ], [ -1.3966825, 50.9363198 ], [ -1.3966631, 50.936305 ], [ -1.3965942, 50.9362838 ], [ -1.3965462, 50.9362793 ], [ -1.3964676, 50.9362873 ], [ -1.3964364, 50.9362851 ], [ -1.3963781, 50.9362604 ], [ -1.3963715, 50.9362273 ], [ -1.3964985, 50.9361423 ], [ -1.3967569, 50.9362951 ], [ -1.3970287, 50.936451 ], [ -1.3970543, 50.9364725 ], [ -1.3970847, 50.936514 ], [ -1.3970969, 50.9365785 ] ] ] } },
{ "type": "Feature", "properties": { "leisure": "park", "name": "The Compass Park", "access": "yes" }, "geometry": { "type": "Polygon", "coordinates": [ [ [ -1.393722, 50.9019498 ], [ -1.3935574, 50.9019334 ], [ -1.3935272, 50.9019072 ], [ -1.3935098, 50.9018717 ], [ -1.3935114, 50.9018368 ], [ -1.3935892, 50.9015841 ], [ -1.3936335, 50.9015604 ], [ -1.393714, 50.9015497 ], [ -1.3938412, 50.901565 ], [ -1.393722, 50.9019498 ] ] ] } },
{ "type": "Feature", "properties": { "leisure": "park", "name": "Ascupart Garden", "access": "yes" }, "geometry": { "type": "Polygon", "coordinates": [ [ [ -1.3944792, 50.920332 ], [ -1.3947784, 50.9203206 ], [ -1.3947605, 50.9202278 ], [ -1.3947223, 50.92013 ], [ -1.3944293, 50.9201602 ], [ -1.3944792, 50.920332 ] ] ] } },
{ "type": "Feature", "properties": { "leisure": "park", "name": null, "access": "yes" }, "geometry": { "type": "Polygon", "coordinates": [ [ [ -1.4254712, 50.9336155 ], [ -1.4252245, 50.9334295 ], [ -1.4250113, 50.933531 ], [ -1.4247417, 50.9336594 ], [ -1.4247041, 50.9336036 ], [ -1.4254632, 50.9332284 ], [ -1.4257529, 50.9332115 ], [ -1.4259433, 50.9330948 ], [ -1.4259138, 50.9332926 ], [ -1.4258494, 50.9333112 ], [ -1.4258414, 50.9334414 ], [ -1.4254712, 50.9336155 ] ] ] } },
{ "type": "Feature", "properties": { "leisure": "park", "name": "Lawn road recreational park", "access": "yes" }, "geometry": { "type": "Polygon", "coordinates": [ [ [ -1.3921032, 50.920783 ], [ -1.3919669, 50.9205664 ], [ -1.3906786, 50.9208652 ], [ -1.3907791, 50.9210793 ], [ -1.3911707, 50.9210252 ], [ -1.391294, 50.9214344 ], [ -1.391648, 50.9213735 ], [ -1.3916602, 50.9212104 ], [ -1.3918556, 50.9209935 ], [ -1.3917756, 50.9209204 ], [ -1.3921032, 50.920783 ] ] ] } },
{ "type": "Feature", "properties": { "leisure": "park", "name": null, "access": "yes" }, "geometry": { "type": "Polygon", "coordinates": [ [ [ -1.4318375, 50.9237333 ], [ -1.4321929, 50.9237862 ], [ -1.4322092, 50.9237772 ], [ -1.4320319, 50.9236443 ], [ -1.4320025, 50.9236381 ], [ -1.4319718, 50.9236405 ], [ -1.431944, 50.9236538 ], [ -1.4318375, 50.9237333 ] ] ] } },
{ "type": "Feature", "properties": { "leisure": "park", "name": "Blechynden Terrace Park", "access": "yes" }, "geometry": { "type": "Polygon", "coordinates": [ [ [ -1.4121634, 50.9078809 ], [ -1.4121398, 50.9078805 ], [ -1.4119063, 50.9078769 ], [ -1.4116542, 50.9078457 ], [ -1.4114988, 50.9078264 ], [ -1.411198, 50.9077814 ], [ -1.411079, 50.9077636 ], [ -1.4109262, 50.9077396 ], [ -1.4106319, 50.9076934 ], [ -1.4106932, 50.9075333 ], [ -1.4115313, 50.907664 ], [ -1.4117061, 50.9076824 ], [ -1.4121408, 50.9077282 ], [ -1.4121769, 50.9077756 ], [ -1.4121634, 50.9078809 ] ] ] } },
{ "type": "Feature", "properties": { "leisure": "park", "name": "Rockstone Place Park", "access": "yes" }, "geometry": { "type": "Polygon", "coordinates": [ [ [ -1.4050331, 50.914345 ], [ -1.4049811, 50.9144133 ], [ -1.4048795, 50.9144987 ], [ -1.4047627, 50.9145247 ], [ -1.4030129, 50.914664 ], [ -1.4026503, 50.9146801 ], [ -1.4026108, 50.9145031 ], [ -1.4029037, 50.9144711 ], [ -1.4040156, 50.9143603 ], [ -1.4046438, 50.9143012 ], [ -1.4047226, 50.9142941 ], [ -1.4048663, 50.914292 ], [ -1.4050331, 50.914345 ] ] ] } },
{ "type": "Feature", "properties": { "leisure": "park", "name": null, "access": "yes" }, "geometry": { "type": "Polygon", "coordinates": [ [ [ -1.4012558, 50.9147864 ], [ -1.4010537, 50.9148354 ], [ -1.4010365, 50.9148044 ], [ -1.4009332, 50.9148139 ], [ -1.4008464, 50.9147904 ], [ -1.4007577, 50.9147875 ], [ -1.4005237, 50.9148451 ], [ -1.4004605, 50.9148039 ], [ -1.4004574, 50.9147757 ], [ -1.4004252, 50.914725 ], [ -1.4005349, 50.9147196 ], [ -1.4006096, 50.9147275 ], [ -1.4006888, 50.9147477 ], [ -1.4007376, 50.9147012 ], [ -1.4006905, 50.9146745 ], [ -1.4006708, 50.9146552 ], [ -1.400862, 50.9145688 ], [ -1.4009501, 50.9145328 ], [ -1.4010228, 50.9145221 ], [ -1.4010326, 50.9144697 ], [ -1.4009855, 50.9144281 ], [ -1.4009852, 50.9143856 ], [ -1.4010462, 50.9143462 ], [ -1.4012558, 50.9147864 ] ] ] } },
{ "type": "Feature", "properties": { "leisure": "garden", "name": null, "access": "yes" }, "geometry": { "type": "Polygon", "coordinates": [ [ [ -1.4313797, 50.9228993 ], [ -1.4313931, 50.9228785 ], [ -1.4314078, 50.9228259 ], [ -1.4314186, 50.9227653 ], [ -1.4314146, 50.9227027 ], [ -1.4313984, 50.9226376 ], [ -1.4313656, 50.9225704 ], [ -1.4313106, 50.9225148 ], [ -1.4312456, 50.9224672 ], [ -1.4310901, 50.9225362 ], [ -1.4310845, 50.9227185 ], [ -1.4310826, 50.9227938 ], [ -1.4312153, 50.922795 ], [ -1.4312133, 50.9229192 ], [ -1.4312891, 50.92292 ], [ -1.4312998, 50.9229206 ], [ -1.4313797, 50.9228993 ] ] ] } },
{ "type": "Feature", "properties": { "leisure": "park", "name": "Brendon Green", "access": "yes" }, "geometry": { "type": "Polygon", "coordinates": [ [ [ -1.4504635, 50.9208211 ], [ -1.4507049, 50.9207349 ], [ -1.4507558, 50.9207214 ], [ -1.4508014, 50.9207197 ], [ -1.4508443, 50.9207349 ], [ -1.4508792, 50.9207586 ], [ -1.4510804, 50.9210088 ], [ -1.4505332, 50.9212218 ], [ -1.450045, 50.921538 ], [ -1.4499968, 50.9215549 ], [ -1.4499485, 50.9215549 ], [ -1.4498439, 50.9215228 ], [ -1.4498734, 50.9214941 ], [ -1.4497285, 50.9214247 ], [ -1.449691, 50.9214433 ], [ -1.4495596, 50.9213791 ], [ -1.4495596, 50.9213588 ], [ -1.4495623, 50.9213351 ], [ -1.449573, 50.9213165 ], [ -1.4496695, 50.9212523 ], [ -1.4497285, 50.9212844 ], [ -1.4505118, 50.9208752 ], [ -1.4504635, 50.9208211 ] ] ] } },
{ "type": "Feature", "properties": { "leisure": "park", "name": "Chiltern Green", "access": "yes" }, "geometry": { "type": "Polygon", "coordinates": [ [ [ -1.4541274, 50.9198624 ], [ -1.454409, 50.9198032 ], [ -1.4544331, 50.9198117 ], [ -1.4544573, 50.9198252 ], [ -1.454519, 50.9199182 ], [ -1.4544358, 50.9199368 ], [ -1.4545404, 50.9202919 ], [ -1.4546155, 50.9202919 ], [ -1.4546347, 50.9203688 ], [ -1.4546257, 50.9204039 ], [ -1.4545808, 50.9204225 ], [ -1.4543194, 50.9204507 ], [ -1.4542937, 50.920395 ], [ -1.4534056, 50.9204947 ], [ -1.4531001, 50.9205275 ], [ -1.453094, 50.9205777 ], [ -1.4528714, 50.9205998 ], [ -1.4528506, 50.9205929 ], [ -1.452746, 50.9202665 ], [ -1.4527434, 50.9202462 ], [ -1.4527541, 50.9202276 ], [ -1.4527755, 50.9202073 ], [ -1.452805, 50.9201887 ], [ -1.4529579, 50.9201296 ], [ -1.4529982, 50.9201786 ], [ -1.4541354, 50.9199114 ], [ -1.4541274, 50.9198624 ] ] ] } },
{ "type": "Feature", "properties": { "leisure": "park", "name": null, "access": "yes" }, "geometry": { "type": "Polygon", "coordinates": [ [ [ -1.4059393, 50.897635 ], [ -1.4055785, 50.8975773 ], [ -1.4057461, 50.8972199 ], [ -1.4059794, 50.8972773 ], [ -1.4060779, 50.8973172 ], [ -1.4061025, 50.897374 ], [ -1.4059935, 50.8974152 ], [ -1.4059393, 50.897635 ] ] ] } },
{ "type": "Feature", "properties": { "leisure": "park", "name": "Town Quay Park & Hugenot Gardens", "access": "yes" }, "geometry": { "type": "Polygon", "coordinates": [ [ [ -1.4054745, 50.8974834 ], [ -1.4055177, 50.8973936 ], [ -1.4053031, 50.8973445 ], [ -1.4053031, 50.897331 ], [ -1.4049907, 50.8972574 ], [ -1.4049256, 50.8972549 ], [ -1.40487, 50.8972498 ], [ -1.4048277, 50.897232 ], [ -1.4047865, 50.8972071 ], [ -1.4047551, 50.8971989 ], [ -1.4047077, 50.8971999 ], [ -1.4045762, 50.8972312 ], [ -1.4044529, 50.897243 ], [ -1.4043724, 50.8972701 ], [ -1.4043268, 50.8972769 ], [ -1.4042517, 50.8972887 ], [ -1.4042115, 50.8973225 ], [ -1.4041866, 50.8973993 ], [ -1.4045152, 50.8974352 ], [ -1.4045523, 50.8973102 ], [ -1.4051901, 50.8974278 ], [ -1.4054745, 50.8974834 ] ] ] } },
{ "type": "Feature", "properties": { "leisure": "garden", "name": null, "access": "yes" }, "geometry": { "type": "Polygon", "coordinates": [ [ [ -1.406647, 50.9009357 ], [ -1.4066581, 50.9009108 ], [ -1.4067555, 50.9007172 ], [ -1.406785, 50.9006386 ], [ -1.4068709, 50.9005997 ], [ -1.4068977, 50.9005726 ], [ -1.4069098, 50.9005574 ], [ -1.4069111, 50.9005379 ], [ -1.406954, 50.9005033 ], [ -1.407072, 50.9005472 ], [ -1.4070559, 50.9006217 ], [ -1.4073818, 50.9008441 ], [ -1.4073456, 50.9008695 ], [ -1.4072638, 50.9008661 ], [ -1.4071458, 50.900856 ], [ -1.4070627, 50.900828 ], [ -1.4069111, 50.900812 ], [ -1.4068508, 50.9008204 ], [ -1.4068065, 50.9008416 ], [ -1.406647, 50.9009357 ] ] ] } },
{ "type": "Feature", "properties": { "leisure": "garden", "name": null, "access": "yes" }, "geometry": { "type": "Polygon", "coordinates": [ [ [ -1.391946, 50.8939335 ], [ -1.392441, 50.8939674 ], [ -1.3923668, 50.8942101 ], [ -1.3919511, 50.8942186 ], [ -1.391946, 50.8939335 ] ] ] } },
{ "type": "Feature", "properties": { "leisure": "garden", "name": null, "access": "yes" }, "geometry": { "type": "Polygon", "coordinates": [ [ [ -1.3932439, 50.8938819 ], [ -1.3938662, 50.8939225 ], [ -1.3937482, 50.894183 ], [ -1.3931657, 50.8942312 ], [ -1.3932439, 50.8938819 ] ] ] } },
{ "type": "Feature", "properties": { "leisure": "garden", "name": null, "access": "yes" }, "geometry": { "type": "Polygon", "coordinates": [ [ [ -1.4117233, 50.9082144 ], [ -1.4122554, 50.9082196 ], [ -1.4122447, 50.9085393 ], [ -1.4118236, 50.9085325 ], [ -1.4118262, 50.9082771 ], [ -1.4117213, 50.9082754 ], [ -1.4117233, 50.9082144 ] ] ] } },
{ "type": "Feature", "properties": { "leisure": "garden", "name": null, "access": "yes" }, "geometry": { "type": "Polygon", "coordinates": [ [ [ -1.4293947, 50.9265903 ], [ -1.429325, 50.9266199 ], [ -1.4295731, 50.9268456 ], [ -1.4296053, 50.926838 ], [ -1.4296492, 50.9268734 ], [ -1.4296898, 50.9268574 ], [ -1.4293947, 50.9265903 ] ] ] } },
{ "type": "Feature", "properties": { "leisure": "garden", "name": null, "access": "yes" }, "geometry": { "type": "Polygon", "coordinates": [ [ [ -1.4297206, 50.9268845 ], [ -1.4298762, 50.927029 ], [ -1.4298467, 50.9270426 ], [ -1.4298507, 50.9270493 ], [ -1.4298349, 50.927054 ], [ -1.4296789, 50.9269023 ], [ -1.4297206, 50.9268845 ] ] ] } },
{ "type": "Feature", "properties": { "leisure": "garden", "name": null, "access": "yes" }, "geometry": { "type": "Polygon", "coordinates": [ [ [ -1.4298923, 50.9271077 ], [ -1.4299231, 50.9271322 ], [ -1.4298145, 50.9271795 ], [ -1.4297836, 50.927155 ], [ -1.4298923, 50.9271077 ] ] ] } },
{ "type": "Feature", "properties": { "leisure": "garden", "name": null, "access": "yes" }, "geometry": { "type": "Polygon", "coordinates": [ [ [ -1.4297488, 50.9271694 ], [ -1.4297769, 50.927193 ], [ -1.4295825, 50.9272776 ], [ -1.4295556, 50.9272547 ], [ -1.4297488, 50.9271694 ] ] ] } },
{ "type": "Feature", "properties": { "leisure": "park", "name": null, "access": "yes" }, "geometry": { "type": "Polygon", "coordinates": [ [ [ -1.3893702, 50.9195049 ], [ -1.3891362, 50.9199049 ], [ -1.3890044, 50.9198727 ], [ -1.3890505, 50.9198128 ], [ -1.3887731, 50.9197281 ], [ -1.3888777, 50.9196134 ], [ -1.3890331, 50.9195275 ], [ -1.3892674, 50.9194778 ], [ -1.3893702, 50.9195049 ] ] ] } },
{ "type": "Feature", "properties": { "leisure": "park", "name": null, "access": "yes" }, "geometry": { "type": "Polygon", "coordinates": [ [ [ -1.3840789, 50.9186804 ], [ -1.3840355, 50.9185154 ], [ -1.3839199, 50.9180757 ], [ -1.3838083, 50.9176515 ], [ -1.383787, 50.9175707 ], [ -1.3837556, 50.9174512 ], [ -1.3835732, 50.9173516 ], [ -1.3834599, 50.917445 ], [ -1.3833277, 50.91753 ], [ -1.3831725, 50.9176518 ], [ -1.3831739, 50.9176592 ], [ -1.3831267, 50.9176829 ], [ -1.3831409, 50.9176935 ], [ -1.3830976, 50.9177135 ], [ -1.383071, 50.9176878 ], [ -1.3829636, 50.9177429 ], [ -1.3828622, 50.9177844 ], [ -1.3826544, 50.9178603 ], [ -1.3824855, 50.9179015 ], [ -1.3825934, 50.918299 ], [ -1.3831333, 50.9182473 ], [ -1.3831582, 50.9183508 ], [ -1.3832288, 50.9184951 ], [ -1.3832747, 50.9185889 ], [ -1.3834153, 50.9188761 ], [ -1.3840789, 50.9186804 ] ] ] } },
{ "type": "Feature", "properties": { "leisure": "park", "name": null, "access": "yes" }, "geometry": { "type": "Polygon", "coordinates": [ [ [ -1.3852431, 50.9183665 ], [ -1.3852084, 50.9183151 ], [ -1.3851812, 50.9182687 ], [ -1.3851323, 50.9181976 ], [ -1.3848606, 50.9182676 ], [ -1.3845852, 50.9184862 ], [ -1.3840789, 50.9186804 ], [ -1.3841238, 50.9187094 ], [ -1.3847726, 50.9185637 ], [ -1.385298, 50.9184753 ], [ -1.3852431, 50.9183665 ] ] ] } },
{ "type": "Feature", "properties": { "leisure": "park", "name": null, "access": "yes" }, "geometry": { "type": "Polygon", "coordinates": [ [ [ -1.3663468, 50.9054482 ], [ -1.3677437, 50.9050469 ], [ -1.3677124, 50.9050223 ], [ -1.3661704, 50.9048444 ], [ -1.3661059, 50.9051481 ], [ -1.3663468, 50.9054482 ] ] ] } },
{ "type": "Feature", "properties": { "leisure": "garden", "name": null, "access": "yes" }, "geometry": { "type": "Polygon", "coordinates": [ [ [ -1.3995013, 50.9007948 ], [ -1.3994872, 50.9006532 ], [ -1.3991968, 50.9006768 ], [ -1.3992156, 50.9007707 ], [ -1.3992431, 50.9007881 ], [ -1.3992719, 50.9007991 ], [ -1.3993008, 50.9008058 ], [ -1.3995013, 50.9007948 ] ] ] } },
{ "type": "Feature", "properties": { "leisure": "garden", "name": null, "access": "yes" }, "geometry": { "type": "Polygon", "coordinates": [ [ [ -1.3989896, 50.9007927 ], [ -1.3990158, 50.90064 ], [ -1.3990976, 50.9006405 ], [ -1.3991284, 50.9006434 ], [ -1.3991546, 50.9006557 ], [ -1.399168, 50.9006768 ], [ -1.399176, 50.9007483 ], [ -1.3991707, 50.9007669 ], [ -1.3991499, 50.9007792 ], [ -1.3991237, 50.900783 ], [ -1.3989896, 50.9007927 ] ] ] } },
{ "type": "Feature", "properties": { "leisure": "garden", "name": null, "access": "yes" }, "geometry": { "type": "Polygon", "coordinates": [ [ [ -1.43255, 50.9241021 ], [ -1.4326439, 50.9241764 ], [ -1.4326908, 50.9241553 ], [ -1.4326211, 50.9240953 ], [ -1.4325942, 50.9240953 ], [ -1.4325781, 50.9240944 ], [ -1.43255, 50.9241021 ] ] ] } },
{ "type": "Feature", "properties": { "leisure": "garden", "name": null, "access": "yes" }, "geometry": { "type": "Polygon", "coordinates": [ [ [ -1.4326559, 50.9241917 ], [ -1.4327203, 50.924157 ], [ -1.4327364, 50.9241646 ], [ -1.4326734, 50.9242018 ], [ -1.4326559, 50.9241917 ] ] ] } },
{ "type": "Feature", "properties": { "leisure": "garden", "name": "scout hut grounds", "access": "yes" }, "geometry": { "type": "Polygon", "coordinates": [ [ [ -1.4319438, 50.9246258 ], [ -1.4322567, 50.9247016 ], [ -1.4325058, 50.9244419 ], [ -1.4322844, 50.924288 ], [ -1.4319438, 50.9246258 ] ] ] } },
{ "type": "Feature", "properties": { "leisure": "park", "name": null, "access": "yes" }, "geometry": { "type": "Polygon", "coordinates": [ [ [ -1.3629611, 50.9327497 ], [ -1.362626, 50.9326922 ], [ -1.3626064, 50.9327063 ], [ -1.3626587, 50.9327868 ], [ -1.3627666, 50.932815 ], [ -1.3629611, 50.9327497 ] ] ] } },
{ "type": "Feature", "properties": { "leisure": "garden", "name": "Boudoir Garden", "access": "private" }, "geometry": { "type": "Polygon", "coordinates": [ [ [ -1.3603956, 50.9339772 ], [ -1.3595872, 50.9337173 ], [ -1.3598226, 50.9334264 ], [ -1.3606311, 50.9336863 ], [ -1.3603956, 50.9339772 ] ] ] } },
{ "type": "Feature", "properties": { "leisure": "park", "name": null, "access": "yes" }, "geometry": { "type": "Polygon", "coordinates": [ [ [ -1.3661305, 50.9209172 ], [ -1.3661002, 50.9207391 ], [ -1.3660603, 50.9207092 ], [ -1.3660148, 50.9206996 ], [ -1.3647163, 50.9207725 ], [ -1.364794, 50.9208706 ], [ -1.3653384, 50.9208538 ], [ -1.3661305, 50.9209172 ] ] ] } },
{ "type": "Feature", "properties": { "leisure": "garden", "name": null, "access": "yes" }, "geometry": { "type": "Polygon", "coordinates": [ [ [ -1.3889632, 50.9315038 ], [ -1.3889225, 50.9315049 ], [ -1.3888924, 50.9315188 ], [ -1.3888756, 50.9315367 ], [ -1.3888809, 50.9315584 ], [ -1.3888962, 50.9315753 ], [ -1.3889256, 50.9315866 ], [ -1.3889579, 50.931588 ], [ -1.3889844, 50.9315846 ], [ -1.3890075, 50.9315696 ], [ -1.3890145, 50.9315467 ], [ -1.3890057, 50.9315227 ], [ -1.3889853, 50.931511 ], [ -1.3889632, 50.9315038 ] ] ] } },
{ "type": "Feature", "properties": { "leisure": "park", "name": "Sholing Green", "access": "yes" }, "geometry": { "type": "Polygon", "coordinates": [ [ [ -1.3532831, 50.9011054 ], [ -1.3537091, 50.9004559 ], [ -1.352826, 50.9000593 ], [ -1.3527759, 50.9000755 ], [ -1.3532618, 50.9010043 ], [ -1.3532831, 50.9011054 ] ] ] } },
{ "type": "Feature", "properties": { "leisure": "park", "name": "Sholing Village Green", "access": "yes" }, "geometry": { "type": "Polygon", "coordinates": [ [ [ -1.3532831, 50.9011054 ], [ -1.3537091, 50.9004559 ], [ -1.352826, 50.9000593 ], [ -1.3527759, 50.9000755 ], [ -1.3532547, 50.9010567 ], [ -1.3532831, 50.9011054 ] ] ] } },
{ "type": "Feature", "properties": { "leisure": "garden", "name": null, "access": "yes" }, "geometry": { "type": "Polygon", "coordinates": [ [ [ -1.404189, 50.906044 ], [ -1.4041877, 50.9060085 ], [ -1.4039396, 50.9060237 ], [ -1.403945, 50.9060567 ], [ -1.404189, 50.906044 ] ] ] } },
{ "type": "Feature", "properties": { "leisure": "garden", "name": null, "access": "yes" }, "geometry": { "type": "Polygon", "coordinates": [ [ [ -1.4042608, 50.9061142 ], [ -1.4041441, 50.9061184 ], [ -1.4041937, 50.9065472 ], [ -1.4043064, 50.9065472 ], [ -1.4042608, 50.9061142 ] ] ] } },
{ "type": "Feature", "properties": { "leisure": "garden", "name": "Alpine Garden & ponds", "access": "yes" }, "geometry": { "type": "Polygon", "coordinates": [ [ [ -1.4035034, 50.9107776 ], [ -1.4038735, 50.9106871 ], [ -1.403977, 50.9106591 ], [ -1.4040123, 50.9106203 ], [ -1.4040235, 50.910608 ], [ -1.4041443, 50.9105472 ], [ -1.4042232, 50.9104897 ], [ -1.4042091, 50.9104554 ], [ -1.4041994, 50.9104319 ], [ -1.4040615, 50.9103858 ], [ -1.4039506, 50.9103836 ], [ -1.4038485, 50.9104162 ], [ -1.4036378, 50.9104861 ], [ -1.4035785, 50.9105018 ], [ -1.4034892, 50.9105254 ], [ -1.4034425, 50.9106241 ], [ -1.4035034, 50.9107776 ] ] ] } },
{ "type": "Feature", "properties": { "leisure": "nature_reserve", "name": "Chessel Bay Local Nature Reserve", "access": "yes" }, "geometry": { "type": "Polygon", "coordinates": [ [ [ -1.3778742, 50.9165422 ], [ -1.3778636, 50.916483 ], [ -1.377774, 50.9163875 ], [ -1.3776754, 50.9159838 ], [ -1.3776346, 50.915819 ], [ -1.3776342, 50.9156189 ], [ -1.3776416, 50.9155045 ], [ -1.3775551, 50.9149722 ], [ -1.3775401, 50.9148797 ], [ -1.377341, 50.9137611 ], [ -1.3761378, 50.9133458 ], [ -1.3750824, 50.912982 ], [ -1.3746666, 50.9127392 ], [ -1.3745511, 50.9123459 ], [ -1.3745896, 50.9118992 ], [ -1.3743805, 50.9117063 ], [ -1.3744004, 50.9107766 ], [ -1.3719351, 50.910761 ], [ -1.3717546, 50.9111471 ], [ -1.371659, 50.9115019 ], [ -1.3716237, 50.9118321 ], [ -1.3716237, 50.9121602 ], [ -1.3716626, 50.9123766 ], [ -1.3717157, 50.9125908 ], [ -1.371836, 50.9128966 ], [ -1.3719422, 50.9131175 ], [ -1.3720448, 50.9132915 ], [ -1.3722147, 50.9135392 ], [ -1.3724235, 50.9137958 ], [ -1.3725538, 50.9139324 ], [ -1.3726848, 50.9140676 ], [ -1.3729866, 50.9143496 ], [ -1.3732407, 50.9145828 ], [ -1.3735375, 50.9148526 ], [ -1.373756, 50.9150538 ], [ -1.3740489, 50.9153142 ], [ -1.3741886, 50.9154648 ], [ -1.3743081, 50.915408 ], [ -1.374714, 50.9152149 ], [ -1.3753879, 50.915687 ], [ -1.3765466, 50.9161686 ], [ -1.3773226, 50.9164437 ], [ -1.3777438, 50.9165491 ], [ -1.3778742, 50.9165422 ] ] ] } },
{ "type": "Feature", "properties": { "leisure": "garden", "name": null, "access": "yes" }, "geometry": { "type": "Polygon", "coordinates": [ [ [ -1.4738948, 50.9220871 ], [ -1.4737905, 50.9220999 ], [ -1.4736693, 50.9218471 ], [ -1.473641, 50.9218006 ], [ -1.4736717, 50.9217736 ], [ -1.4738403, 50.9217648 ], [ -1.4738552, 50.9217795 ], [ -1.4739371, 50.9217601 ], [ -1.4739608, 50.9218018 ], [ -1.4740093, 50.9218311 ], [ -1.4740483, 50.9218883 ], [ -1.474023, 50.921978 ], [ -1.4740194, 50.9219887 ], [ -1.4739713, 50.921974 ], [ -1.4738948, 50.9220871 ] ] ] } },
{ "type": "Feature", "properties": { "leisure": "park", "name": null, "access": "yes" }, "geometry": { "type": "Polygon", "coordinates": [ [ [ -1.3795093, 50.9403837 ], [ -1.3794931, 50.9403331 ], [ -1.3794768, 50.940287 ], [ -1.3794168, 50.9402492 ], [ -1.3793559, 50.9402293 ], [ -1.3792786, 50.9402159 ], [ -1.3792278, 50.9402152 ], [ -1.3791871, 50.9402261 ], [ -1.3791434, 50.9402466 ], [ -1.3791028, 50.9402697 ], [ -1.3790865, 50.9402847 ], [ -1.3790723, 50.9403004 ], [ -1.3791739, 50.9403049 ], [ -1.3791719, 50.9403398 ], [ -1.3791709, 50.9403568 ], [ -1.3792027, 50.9403593 ], [ -1.3795093, 50.9403837 ] ] ] } },
{ "type": "Feature", "properties": { "leisure": "park", "name": "Leaside Way Park", "access": "yes" }, "geometry": { "type": "Polygon", "coordinates": [ [ [ -1.3830711, 50.9454395 ], [ -1.3830446, 50.945658 ], [ -1.3826978, 50.9457272 ], [ -1.3820112, 50.9457818 ], [ -1.3818734, 50.9457913 ], [ -1.3818448, 50.945716 ], [ -1.381799, 50.9455185 ], [ -1.38179, 50.9454796 ], [ -1.3819386, 50.9453893 ], [ -1.3829081, 50.9454323 ], [ -1.3830711, 50.9454395 ] ] ] } },
{ "type": "Feature", "properties": { "leisure": "park", "name": "The Triangle", "access": "yes" }, "geometry": { "type": "Polygon", "coordinates": [ [ [ -1.3546452, 50.9238809 ], [ -1.3546955, 50.9236894 ], [ -1.3546981, 50.9236794 ], [ -1.3547333, 50.9235454 ], [ -1.3547598, 50.9234448 ], [ -1.3548001, 50.9232914 ], [ -1.3542028, 50.9234864 ], [ -1.3542952, 50.923574 ], [ -1.354466, 50.9237359 ], [ -1.3546169, 50.9238789 ], [ -1.3546452, 50.9238809 ] ] ] } },
{ "type": "Feature", "properties": { "leisure": "park", "name": null, "access": "yes" }, "geometry": { "type": "Polygon", "coordinates": [ [ [ -1.3578807, 50.9159691 ], [ -1.3574379, 50.9158192 ], [ -1.3576538, 50.9156462 ], [ -1.3578601, 50.9155285 ], [ -1.3582045, 50.9157238 ], [ -1.3578807, 50.9159691 ] ] ] } },
{ "type": "Feature", "properties": { "leisure": "park", "name": null, "access": "yes" }, "geometry": { "type": "Polygon", "coordinates": [ [ [ -1.3632331, 50.9149428 ], [ -1.3630548, 50.9150552 ], [ -1.3622279, 50.9151533 ], [ -1.3620837, 50.9150098 ], [ -1.3624858, 50.9149381 ], [ -1.3627096, 50.91473 ], [ -1.363032, 50.9148281 ], [ -1.3632331, 50.9149428 ] ] ] } },
{ "type": "Feature", "properties": { "leisure": "park", "name": null, "access": "yes" }, "geometry": { "type": "Polygon", "coordinates": [ [ [ -1.4553152, 50.918625 ], [ -1.4550041, 50.9186825 ], [ -1.4548002, 50.9183443 ], [ -1.4553152, 50.918625 ] ] ] } },
{ "type": "Feature", "properties": { "leisure": "park", "name": null, "access": "yes" }, "geometry": { "type": "Polygon", "coordinates": [ [ [ -1.3550906, 50.9225753 ], [ -1.3552124, 50.9225128 ], [ -1.3552204, 50.9224534 ], [ -1.3550658, 50.9223234 ], [ -1.3550445, 50.9223055 ], [ -1.3549685, 50.9222829 ], [ -1.3549332, 50.9222644 ], [ -1.3548379, 50.9223442 ], [ -1.3550906, 50.9225753 ] ] ] } },
{ "type": "Feature", "properties": { "leisure": "park", "name": "The Island", "access": "yes" }, "geometry": { "type": "Polygon", "coordinates": [ [ [ -1.3523123, 50.9240301 ], [ -1.3521361, 50.9240869 ], [ -1.3521427, 50.9240064 ], [ -1.3522735, 50.9239734 ], [ -1.3523123, 50.9240301 ] ] ] } },
{ "type": "Feature", "properties": { "leisure": "park", "name": "Purvis Gardens", "access": "yes" }, "geometry": { "type": "Polygon", "coordinates": [ [ [ -1.3479746, 50.8956871 ], [ -1.3474186, 50.8960901 ], [ -1.3460833, 50.8953999 ], [ -1.3472481, 50.8950864 ], [ -1.3479746, 50.8956871 ] ] ] } },
{ "type": "Feature", "properties": { "leisure": "garden", "name": null, "access": "yes" }, "geometry": { "type": "Polygon", "coordinates": [ [ [ -1.4144185, 50.9083035 ], [ -1.414267, 50.9083043 ], [ -1.414278, 50.9080986 ], [ -1.4142902, 50.9080909 ], [ -1.4143146, 50.9080863 ], [ -1.4144918, 50.9080655 ], [ -1.4145797, 50.9082011 ], [ -1.4145602, 50.9082165 ], [ -1.4145284, 50.908225 ], [ -1.4144869, 50.9082304 ], [ -1.4144576, 50.9082381 ], [ -1.4144307, 50.9082473 ], [ -1.4144221, 50.9082635 ], [ -1.4144185, 50.9082835 ], [ -1.4144185, 50.9083035 ] ] ] } },
{ "type": "Feature", "properties": { "leisure": "garden", "name": null, "access": "yes" }, "geometry": { "type": "Polygon", "coordinates": [ [ [ -1.4009622, 50.9102721 ], [ -1.4009749, 50.9102505 ], [ -1.4010078, 50.9102603 ], [ -1.4010338, 50.9102712 ], [ -1.4010491, 50.9102812 ], [ -1.4010622, 50.910298 ], [ -1.4010746, 50.910322 ], [ -1.4010856, 50.9103503 ], [ -1.4010895, 50.9103793 ], [ -1.4010807, 50.9104065 ], [ -1.4010658, 50.9104306 ], [ -1.4010494, 50.9104526 ], [ -1.401034, 50.9104635 ], [ -1.4010153, 50.910466 ], [ -1.4009873, 50.9104675 ], [ -1.4009622, 50.910468 ], [ -1.400928, 50.9104724 ], [ -1.4008971, 50.910477 ], [ -1.4008809, 50.910476 ], [ -1.4008694, 50.9104697 ], [ -1.4008638, 50.9104612 ], [ -1.4009929, 50.9104612 ], [ -1.4009924, 50.9104222 ], [ -1.4010298, 50.9104222 ], [ -1.4010302, 50.9102996 ], [ -1.4009936, 50.9102992 ], [ -1.4009939, 50.9102722 ], [ -1.4009622, 50.9102721 ] ] ] } },
{ "type": "Feature", "properties": { "leisure": "park", "name": null, "access": "yes" }, "geometry": { "type": "Polygon", "coordinates": [ [ [ -1.3932522, 50.9005757 ], [ -1.3933595, 50.9004433 ], [ -1.3934352, 50.9002759 ], [ -1.393491, 50.9001086 ], [ -1.3932978, 50.9000904 ], [ -1.3932118, 50.9004527 ], [ -1.393214, 50.9005622 ], [ -1.3932522, 50.9005757 ] ] ] } },
{ "type": "Feature", "properties": { "leisure": "park", "name": null, "access": "yes" }, "geometry": { "type": "Polygon", "coordinates": [ [ [ -1.3934943, 50.900078 ], [ -1.3935144, 50.9000324 ], [ -1.3934876, 50.8999656 ], [ -1.3933655, 50.8999106 ], [ -1.3934581, 50.8999943 ], [ -1.3934433, 50.9000298 ], [ -1.3934286, 50.9000315 ], [ -1.3934192, 50.9000764 ], [ -1.3934943, 50.900078 ] ] ] } },
{ "type": "Feature", "properties": { "leisure": "park", "name": null, "access": "yes" }, "geometry": { "type": "Polygon", "coordinates": [ [ [ -1.3560336, 50.9224216 ], [ -1.3560926, 50.9221979 ], [ -1.3562959, 50.922261 ], [ -1.3561556, 50.9223844 ], [ -1.3560336, 50.9224216 ] ] ] } },
{ "type": "Feature", "properties": { "leisure": "park", "name": null, "access": "yes" }, "geometry": { "type": "Polygon", "coordinates": [ [ [ -1.359519, 50.9195814 ], [ -1.3595884, 50.9194462 ], [ -1.3592917, 50.9193934 ], [ -1.3592295, 50.9195176 ], [ -1.359519, 50.9195814 ] ] ] } },
{ "type": "Feature", "properties": { "leisure": "garden", "name": null, "access": "yes" }, "geometry": { "type": "Polygon", "coordinates": [ [ [ -1.4359814, 50.9251587 ], [ -1.4358464, 50.9251072 ], [ -1.4359548, 50.9249943 ], [ -1.4360898, 50.9250459 ], [ -1.4359814, 50.9251587 ] ] ] } },
{ "type": "Feature", "properties": { "leisure": "park", "name": null, "access": "yes" }, "geometry": { "type": "Polygon", "coordinates": [ [ [ -1.3585836, 50.9231293 ], [ -1.358792, 50.9229116 ], [ -1.3586665, 50.9228687 ], [ -1.358463, 50.9230887 ], [ -1.3585836, 50.9231293 ] ] ] } },
{ "type": "Feature", "properties": { "leisure": "park", "name": null, "access": "yes" }, "geometry": { "type": "Polygon", "coordinates": [ [ [ -1.3579261, 50.9228569 ], [ -1.3578133, 50.9227773 ], [ -1.3579441, 50.9226244 ], [ -1.3580479, 50.9226351 ], [ -1.3580999, 50.9226568 ], [ -1.3579261, 50.9228569 ] ] ] } },
{ "type": "Feature", "properties": { "leisure": "park", "name": "Donkey Common", "access": "yes" }, "geometry": { "type": "Polygon", "coordinates": [ [ [ -1.3462004, 50.9086568 ], [ -1.3457895, 50.9088385 ], [ -1.3447679, 50.9093539 ], [ -1.3446668, 50.9092566 ], [ -1.3445367, 50.9092601 ], [ -1.3445366, 50.9091314 ], [ -1.3448648, 50.9080111 ], [ -1.3462004, 50.9086568 ] ] ] } },
{ "type": "Feature", "properties": { "leisure": "park", "name": null, "access": "yes" }, "geometry": { "type": "Polygon", "coordinates": [ [ [ -1.413308, 50.9148061 ], [ -1.4132452, 50.9145259 ], [ -1.4130056, 50.9145473 ], [ -1.4130683, 50.9148274 ], [ -1.413308, 50.9148061 ] ] ] } },
{ "type": "Feature", "properties": { "leisure": "park", "name": null, "access": "yes" }, "geometry": { "type": "Polygon", "coordinates": [ [ [ -1.4131085, 50.9141153 ], [ -1.4130805, 50.9139944 ], [ -1.4133231, 50.9139125 ], [ -1.4133335, 50.9139055 ], [ -1.4135731, 50.9138331 ], [ -1.4136395, 50.9138325 ], [ -1.4136335, 50.914016 ], [ -1.4136277, 50.9141094 ], [ -1.4135946, 50.914114 ], [ -1.4135315, 50.9141199 ], [ -1.4135216, 50.9140771 ], [ -1.4131085, 50.9141153 ] ] ] } },
{ "type": "Feature", "properties": { "leisure": "park", "name": null, "access": "yes" }, "geometry": { "type": "Polygon", "coordinates": [ [ [ -1.4092576, 50.90939 ], [ -1.4088443, 50.9095715 ], [ -1.4088366, 50.9095157 ], [ -1.4089074, 50.9093773 ], [ -1.4089379, 50.9092608 ], [ -1.4089193, 50.9090747 ], [ -1.4089979, 50.9091129 ], [ -1.4091059, 50.9092154 ], [ -1.4092576, 50.90939 ] ] ] } },
{ "type": "Feature", "properties": { "leisure": "park", "name": null, "access": "yes" }, "geometry": { "type": "Polygon", "coordinates": [ [ [ -1.4100855, 50.9101681 ], [ -1.4100948, 50.9100377 ], [ -1.4101102, 50.9098237 ], [ -1.4099917, 50.9098461 ], [ -1.4098434, 50.9098742 ], [ -1.4098031, 50.9098818 ], [ -1.4094786, 50.9099433 ], [ -1.4094874, 50.9099686 ], [ -1.4095083, 50.9100291 ], [ -1.4095359, 50.9101088 ], [ -1.4095507, 50.9101514 ], [ -1.4097015, 50.9101561 ], [ -1.4098222, 50.9101599 ], [ -1.4099029, 50.9101624 ], [ -1.4100855, 50.9101681 ] ] ] } },
{ "type": "Feature", "properties": { "leisure": "garden", "name": null, "access": "yes" }, "geometry": { "type": "Polygon", "coordinates": [ [ [ -1.3969441, 50.9377189 ], [ -1.39662, 50.9377966 ], [ -1.3966041, 50.9377669 ], [ -1.3965866, 50.9376819 ], [ -1.3966586, 50.9376512 ], [ -1.3968516, 50.9376384 ], [ -1.396844, 50.9375849 ], [ -1.3969223, 50.9375582 ], [ -1.3969441, 50.9377189 ] ] ] } },
{ "type": "Feature", "properties": { "leisure": "garden", "name": null, "access": "yes" }, "geometry": { "type": "Polygon", "coordinates": [ [ [ -1.397166, 50.93764 ], [ -1.3969718, 50.9377121 ], [ -1.3969499, 50.9375551 ], [ -1.3970919, 50.9375561 ], [ -1.3971272, 50.9375592 ], [ -1.3971548, 50.9375748 ], [ -1.397166, 50.93764 ] ] ] } },
{ "type": "Feature", "properties": { "leisure": "garden", "name": null, "access": "yes" }, "geometry": { "type": "Polygon", "coordinates": [ [ [ -1.3974177, 50.9367284 ], [ -1.3973064, 50.9366273 ], [ -1.397336, 50.936796 ], [ -1.3974177, 50.9367284 ] ] ] } },
{ "type": "Feature", "properties": { "leisure": "garden", "name": null, "access": "yes" }, "geometry": { "type": "Polygon", "coordinates": [ [ [ -1.3982316, 50.9365434 ], [ -1.3981466, 50.9365193 ], [ -1.3982015, 50.9364426 ], [ -1.3982865, 50.9364668 ], [ -1.3982316, 50.9365434 ] ] ] } },
{ "type": "Feature", "properties": { "leisure": "garden", "name": null, "access": "yes" }, "geometry": { "type": "Polygon", "coordinates": [ [ [ -1.3983223, 50.9364356 ], [ -1.3982334, 50.9364111 ], [ -1.3983018, 50.9363125 ], [ -1.3984581, 50.9363556 ], [ -1.3984244, 50.9364042 ], [ -1.398357, 50.9363857 ], [ -1.3983223, 50.9364356 ] ] ] } },
{ "type": "Feature", "properties": { "leisure": "garden", "name": null, "access": "yes" }, "geometry": { "type": "Polygon", "coordinates": [ [ [ -1.3982207, 50.9366839 ], [ -1.3980587, 50.9366377 ], [ -1.3980938, 50.9365888 ], [ -1.3982558, 50.936635 ], [ -1.3982207, 50.9366839 ] ] ] } },
{ "type": "Feature", "properties": { "leisure": "park", "name": null, "access": "yes" }, "geometry": { "type": "Polygon", "coordinates": [ [ [ -1.3348121, 50.9198475 ], [ -1.3345177, 50.9200795 ], [ -1.3342486, 50.9202916 ], [ -1.3341865, 50.9203575 ], [ -1.3339424, 50.9203135 ], [ -1.3340953, 50.9202002 ], [ -1.334366, 50.9199922 ], [ -1.3346608, 50.9197671 ], [ -1.3348121, 50.9198475 ] ] ] } },
{ "type": "Feature", "properties": { "leisure": "park", "name": null, "access": "yes" }, "geometry": { "type": "Polygon", "coordinates": [ [ [ -1.4125367, 50.9144889 ], [ -1.4123042, 50.9145081 ], [ -1.4122746, 50.9145105 ], [ -1.4122209, 50.9142487 ], [ -1.4122587, 50.9142426 ], [ -1.4122831, 50.9142438 ], [ -1.4123019, 50.9142522 ], [ -1.412319, 50.9142649 ], [ -1.4123318, 50.9142774 ], [ -1.4123538, 50.9142862 ], [ -1.412384, 50.9142897 ], [ -1.4124118, 50.9142886 ], [ -1.4124325, 50.9142813 ], [ -1.4124428, 50.914267 ], [ -1.412442, 50.9142229 ], [ -1.4124736, 50.9142175 ], [ -1.4125367, 50.9144889 ] ] ] } },
{ "type": "Feature", "properties": { "leisure": "park", "name": null, "access": "yes" }, "geometry": { "type": "Polygon", "coordinates": [ [ [ -1.3640319, 50.9217951 ], [ -1.3640792, 50.9217318 ], [ -1.36417, 50.9216101 ], [ -1.3641933, 50.9215788 ], [ -1.3642012, 50.9215449 ], [ -1.364178, 50.9214948 ], [ -1.3641709, 50.9214893 ], [ -1.3641276, 50.9214556 ], [ -1.3641055, 50.9214483 ], [ -1.3640677, 50.9214358 ], [ -1.3640144, 50.9214314 ], [ -1.3639969, 50.921433 ], [ -1.3639685, 50.9214357 ], [ -1.3639103, 50.9214451 ], [ -1.3639034, 50.9214476 ], [ -1.3638486, 50.9214677 ], [ -1.3638142, 50.9215093 ], [ -1.3636729, 50.9216804 ], [ -1.3636638, 50.9216979 ], [ -1.3636622, 50.9217081 ], [ -1.3636723, 50.9217196 ], [ -1.3636924, 50.9217299 ], [ -1.3638149, 50.9217772 ], [ -1.3639627, 50.9218121 ], [ -1.3639846, 50.9218099 ], [ -1.3640164, 50.9218048 ], [ -1.3640319, 50.9217951 ] ] ] } },
{ "type": "Feature", "properties": { "leisure": "park", "name": null, "access": "yes" }, "geometry": { "type": "Polygon", "coordinates": [ [ [ -1.3990286, 50.9060014 ], [ -1.39907, 50.9059918 ], [ -1.3990968, 50.905966 ], [ -1.3991022, 50.9059322 ], [ -1.3989982, 50.905488 ], [ -1.3989702, 50.9054688 ], [ -1.3989261, 50.9054664 ], [ -1.3988936, 50.9054969 ], [ -1.3988826, 50.9055324 ], [ -1.398933, 50.9059597 ], [ -1.3989508, 50.9059852 ], [ -1.3989839, 50.905999 ], [ -1.3990286, 50.9060014 ] ] ] } },
{ "type": "Feature", "properties": { "leisure": "park", "name": null, "access": "yes" }, "geometry": { "type": "Polygon", "coordinates": [ [ [ -1.400042, 50.905915 ], [ -1.4000797, 50.9059238 ], [ -1.4001181, 50.9059135 ], [ -1.4001784, 50.9058797 ], [ -1.4002121, 50.9058359 ], [ -1.4001063, 50.9053915 ], [ -1.4000843, 50.9053698 ], [ -1.4000437, 50.90536 ], [ -1.3999575, 50.90537 ], [ -1.3999354, 50.9053823 ], [ -1.3999204, 50.905405 ], [ -1.400042, 50.905915 ] ] ] } },
{ "type": "Feature", "properties": { "leisure": "park", "name": null, "access": "yes" }, "geometry": { "type": "Polygon", "coordinates": [ [ [ -1.409227, 50.9076691 ], [ -1.4093014, 50.9076872 ], [ -1.4095076, 50.9075853 ], [ -1.4095104, 50.9075695 ], [ -1.4094928, 50.9075554 ], [ -1.4093899, 50.9075435 ], [ -1.4091656, 50.9074911 ], [ -1.4090328, 50.9074699 ], [ -1.409023, 50.9074849 ], [ -1.4091556, 50.9076288 ], [ -1.409227, 50.9076691 ] ] ] } },
{ "type": "Feature", "properties": { "leisure": "nature_reserve", "name": "Itchen Valley Nature Reserve", "access": "yes" }, "geometry": { "type": "Polygon", "coordinates": [ [ [ -1.356926, 50.9395347 ], [ -1.3570161, 50.9395881 ], [ -1.3570384, 50.9396017 ], [ -1.3570833, 50.9396327 ], [ -1.3573971, 50.9397815 ], [ -1.3581723, 50.9401195 ], [ -1.3591218, 50.9405893 ], [ -1.3598031, 50.9409477 ], [ -1.3600686, 50.9411184 ], [ -1.3600546, 50.9411946 ], [ -1.3596594, 50.941447 ], [ -1.3593369, 50.9415605 ], [ -1.3588451, 50.9417042 ], [ -1.3583852, 50.9418835 ], [ -1.3579569, 50.942102 ], [ -1.3576172, 50.9422136 ], [ -1.3571677, 50.9423396 ], [ -1.3561466, 50.9425447 ], [ -1.3556234, 50.9426797 ], [ -1.3555767, 50.9427132 ], [ -1.3554804, 50.9428147 ], [ -1.3554596, 50.9428561 ], [ -1.355445, 50.9428851 ], [ -1.3552459, 50.9432951 ], [ -1.355115, 50.9434958 ], [ -1.3549734, 50.9437891 ], [ -1.354754, 50.9441202 ], [ -1.3544797, 50.9444826 ], [ -1.3541611, 50.9449163 ], [ -1.3537683, 50.9458741 ], [ -1.3535099, 50.9463847 ], [ -1.3534425, 50.9464704 ], [ -1.3532819, 50.9465679 ], [ -1.3531259, 50.9466857 ], [ -1.3526949, 50.9470962 ], [ -1.3526004, 50.9472566 ], [ -1.3525058, 50.9473511 ], [ -1.3523939, 50.9474629 ], [ -1.3522836, 50.9476545 ], [ -1.3523332, 50.9480727 ], [ -1.3522698, 50.9482251 ], [ -1.3522488, 50.9482459 ], [ -1.3522371, 50.9482575 ], [ -1.3523112, 50.9489032 ], [ -1.3522613, 50.949617 ], [ -1.3520219, 50.949942 ], [ -1.3516753, 50.9502922 ], [ -1.3510989, 50.9510039 ], [ -1.3502522, 50.9521333 ], [ -1.3496077, 50.9528378 ], [ -1.3481801, 50.953756 ], [ -1.3448062, 50.9520097 ], [ -1.3430387, 50.9502447 ], [ -1.3443193, 50.9478534 ], [ -1.3452963, 50.9473776 ], [ -1.3458012, 50.9472769 ], [ -1.3467065, 50.9471428 ], [ -1.3466287, 50.9468518 ], [ -1.3467384, 50.9465809 ], [ -1.3467869, 50.9464488 ], [ -1.3468977, 50.9461472 ], [ -1.3468676, 50.9460692 ], [ -1.3467101, 50.9456611 ], [ -1.3467083, 50.9455005 ], [ -1.3468188, 50.9452144 ], [ -1.3469189, 50.94502 ], [ -1.3470534, 50.9447959 ], [ -1.3471578, 50.9446654 ], [ -1.3472994, 50.9445394 ], [ -1.3476073, 50.9442194 ], [ -1.3476126, 50.9440265 ], [ -1.3475807, 50.9439195 ], [ -1.3476356, 50.9436262 ], [ -1.3477524, 50.9434289 ], [ -1.3478039, 50.9433862 ], [ -1.3479205, 50.9432895 ], [ -1.3482514, 50.9431791 ], [ -1.3482566, 50.9431827 ], [ -1.3483222, 50.9432287 ], [ -1.3483402, 50.9432252 ], [ -1.348362, 50.9432125 ], [ -1.3483992, 50.9431959 ], [ -1.3487383, 50.9431748 ], [ -1.3491226, 50.9431509 ], [ -1.3492551, 50.9430898 ], [ -1.3494361, 50.9426743 ], [ -1.3495579, 50.9426193 ], [ -1.3496326, 50.9426169 ], [ -1.3501161, 50.9426015 ], [ -1.3501988, 50.9425989 ], [ -1.3503852, 50.9425494 ], [ -1.3505654, 50.9424504 ], [ -1.3506333, 50.9423924 ], [ -1.3507565, 50.9422873 ], [ -1.3511293, 50.9420446 ], [ -1.3514498, 50.9418786 ], [ -1.3517039, 50.9417612 ], [ -1.3521065, 50.9416302 ], [ -1.3521398, 50.9416194 ], [ -1.3522551, 50.9415355 ], [ -1.3523146, 50.9414577 ], [ -1.3523293, 50.9413876 ], [ -1.3522737, 50.9412817 ], [ -1.3521465, 50.9411671 ], [ -1.3521443, 50.9411268 ], [ -1.3521706, 50.9410792 ], [ -1.3522183, 50.9410469 ], [ -1.3524737, 50.9409247 ], [ -1.3527432, 50.9407377 ], [ -1.3528517, 50.9404765 ], [ -1.3530491, 50.9401699 ], [ -1.3530991, 50.9399758 ], [ -1.3530901, 50.9398335 ], [ -1.3531404, 50.9396856 ], [ -1.353202, 50.9396062 ], [ -1.353607, 50.9396764 ], [ -1.3560478, 50.9397879 ], [ -1.356926, 50.9395347 ] ] ] } },
{ "type": "Feature", "properties": { "leisure": "garden", "name": null, "access": "yes" }, "geometry": { "type": "Polygon", "coordinates": [ [ [ -1.4342108, 50.9193857 ], [ -1.4341223, 50.9191802 ], [ -1.4343476, 50.9191416 ], [ -1.4344649, 50.9191216 ], [ -1.4344696, 50.9191325 ], [ -1.4345537, 50.9193279 ], [ -1.4345084, 50.9193346 ], [ -1.4342108, 50.9193857 ] ] ] } },
{ "type": "Feature", "properties": { "leisure": "park", "name": null, "access": "yes" }, "geometry": { "type": "Polygon", "coordinates": [ [ [ -1.4102414, 50.9197296 ], [ -1.410248, 50.9196991 ], [ -1.410083, 50.9195921 ], [ -1.4100299, 50.9195873 ], [ -1.4099768, 50.9196148 ], [ -1.4099834, 50.9196525 ], [ -1.4101494, 50.91975 ], [ -1.4102091, 50.9197482 ], [ -1.4102414, 50.9197296 ] ] ] } },
{ "type": "Feature", "properties": { "leisure": "garden", "name": null, "access": "yes" }, "geometry": { "type": "Polygon", "coordinates": [ [ [ -1.4115648, 50.9202099 ], [ -1.4118417, 50.9200234 ], [ -1.4117136, 50.9199516 ], [ -1.4114367, 50.9201334 ], [ -1.4115648, 50.9202099 ] ] ] } },
{ "type": "Feature", "properties": { "leisure": "park", "name": null, "access": "yes" }, "geometry": { "type": "Polygon", "coordinates": [ [ [ -1.3398134, 50.9173938 ], [ -1.3395908, 50.9173709 ], [ -1.3393762, 50.9173557 ], [ -1.3391281, 50.9173473 ], [ -1.3392126, 50.9176271 ], [ -1.3397075, 50.9176001 ], [ -1.3398148, 50.9174158 ], [ -1.3398134, 50.9173938 ] ] ] } },
{ "type": "Feature", "properties": { "leisure": "park", "name": null, "access": "yes" }, "geometry": { "type": "Polygon", "coordinates": [ [ [ -1.338372, 50.9174272 ], [ -1.3384367, 50.9177263 ], [ -1.3380408, 50.9178992 ], [ -1.3377497, 50.9176622 ], [ -1.3379161, 50.9175787 ], [ -1.3380994, 50.9175048 ], [ -1.338218, 50.917466 ], [ -1.338372, 50.9174272 ] ] ] } },
{ "type": "Feature", "properties": { "leisure": "park", "name": null, "access": "yes" }, "geometry": { "type": "Polygon", "coordinates": [ [ [ -1.3380155, 50.9179108 ], [ -1.3377278, 50.9176737 ], [ -1.3373752, 50.9178634 ], [ -1.3376496, 50.9180742 ], [ -1.3380155, 50.9179108 ] ] ] } },
{ "type": "Feature", "properties": { "leisure": "park", "name": null, "access": "yes" }, "geometry": { "type": "Polygon", "coordinates": [ [ [ -1.3368375, 50.9181827 ], [ -1.3370948, 50.918474 ], [ -1.3367621, 50.9186683 ], [ -1.3364493, 50.9184658 ], [ -1.3364894, 50.9184349 ], [ -1.3364663, 50.9184206 ], [ -1.3368375, 50.9181827 ] ] ] } },
{ "type": "Feature", "properties": { "leisure": "garden", "name": null, "access": "yes" }, "geometry": { "type": "Polygon", "coordinates": [ [ [ -1.3491758, 50.9227604 ], [ -1.349189, 50.9227797 ], [ -1.3489362, 50.9228478 ], [ -1.3488002, 50.922772 ], [ -1.3487762, 50.9227499 ], [ -1.3487751, 50.9226888 ], [ -1.3487933, 50.9226841 ], [ -1.3488347, 50.922748 ], [ -1.3488755, 50.9227578 ], [ -1.3489094, 50.9227495 ], [ -1.3489287, 50.9227209 ], [ -1.3491185, 50.922672 ], [ -1.3491758, 50.9227604 ] ] ] } },
{ "type": "Feature", "properties": { "leisure": "park", "name": null, "access": "yes" }, "geometry": { "type": "Polygon", "coordinates": [ [ [ -1.3359834, 50.918559 ], [ -1.3356321, 50.9183764 ], [ -1.3353907, 50.9185624 ], [ -1.3357219, 50.9187637 ], [ -1.3359834, 50.918559 ] ] ] } },
{ "type": "Feature", "properties": { "leisure": "garden", "name": null, "access": "yes" }, "geometry": { "type": "Polygon", "coordinates": [ [ [ -1.3538308, 50.8917976 ], [ -1.3533828, 50.8914866 ], [ -1.3533023, 50.8914341 ], [ -1.353349, 50.8914139 ], [ -1.3535417, 50.8913329 ], [ -1.353585, 50.8913675 ], [ -1.3537418, 50.8914769 ], [ -1.353776, 50.8914994 ], [ -1.3537319, 50.8915261 ], [ -1.3537837, 50.8915601 ], [ -1.3537064, 50.891607 ], [ -1.3537688, 50.891648 ], [ -1.3538168, 50.8916189 ], [ -1.3539274, 50.8916739 ], [ -1.3538847, 50.8917149 ], [ -1.3539325, 50.8917431 ], [ -1.3538308, 50.8917976 ] ] ] } },
{ "type": "Feature", "properties": { "leisure": "park", "name": null, "access": "yes" }, "geometry": { "type": "Polygon", "coordinates": [ [ [ -1.4311974, 50.922956 ], [ -1.4313783, 50.9229269 ], [ -1.4313575, 50.9229878 ], [ -1.4313307, 50.9230786 ], [ -1.4313193, 50.9230951 ], [ -1.4312992, 50.9231099 ], [ -1.4312764, 50.9231213 ], [ -1.4312542, 50.9231285 ], [ -1.4311972, 50.9231382 ], [ -1.4311671, 50.9231425 ], [ -1.4311375, 50.9231454 ], [ -1.4310839, 50.9231454 ], [ -1.4310846, 50.9230199 ], [ -1.4310963, 50.9230106 ], [ -1.4311962, 50.923011 ], [ -1.4311974, 50.922956 ] ] ] } },
{ "type": "Feature", "properties": { "leisure": "garden", "name": null, "access": "yes" }, "geometry": { "type": "Polygon", "coordinates": [ [ [ -1.4034915, 50.9415106 ], [ -1.4034659, 50.9415103 ], [ -1.4034551, 50.9415018 ], [ -1.4034431, 50.9414819 ], [ -1.4034337, 50.9414655 ], [ -1.4034196, 50.9414473 ], [ -1.4033981, 50.9414245 ], [ -1.40337, 50.9413962 ], [ -1.4033465, 50.9413801 ], [ -1.4033197, 50.9413632 ], [ -1.4032841, 50.9413459 ], [ -1.403258, 50.9413387 ], [ -1.4032567, 50.941329 ], [ -1.4032729, 50.9413149 ], [ -1.4034176, 50.941392 ], [ -1.4034915, 50.9415106 ] ] ] } },
{ "type": "Feature", "properties": { "leisure": "park", "name": null, "access": "yes" }, "geometry": { "type": "Polygon", "coordinates": [ [ [ -1.4080505, 50.9115493 ], [ -1.4080272, 50.9115534 ], [ -1.4077761, 50.9116052 ], [ -1.4077528, 50.9116081 ], [ -1.4076629, 50.9114385 ], [ -1.4077163, 50.9114273 ], [ -1.4076651, 50.9113308 ], [ -1.407856, 50.9112929 ], [ -1.4079057, 50.911388 ], [ -1.4079604, 50.9113767 ], [ -1.4080505, 50.9115493 ] ] ] } },
{ "type": "Feature", "properties": { "leisure": "park", "name": null, "access": "yes" }, "geometry": { "type": "Polygon", "coordinates": [ [ [ -1.4069747, 50.9113292 ], [ -1.4067448, 50.9113761 ], [ -1.4066743, 50.9113842 ], [ -1.4066098, 50.9113713 ], [ -1.4065809, 50.911345 ], [ -1.4065734, 50.9113163 ], [ -1.4065847, 50.9112938 ], [ -1.4066143, 50.9112714 ], [ -1.4066636, 50.9112532 ], [ -1.4068214, 50.9112197 ], [ -1.4069216, 50.911201 ], [ -1.4069838, 50.9112082 ], [ -1.4070232, 50.9112379 ], [ -1.4070422, 50.9112714 ], [ -1.4070187, 50.9113063 ], [ -1.4069747, 50.9113292 ] ] ] } },
{ "type": "Feature", "properties": { "leisure": "garden", "name": null, "access": "yes" }, "geometry": { "type": "Polygon", "coordinates": [ [ [ -1.4087293, 50.9105834 ], [ -1.4087089, 50.9105995 ], [ -1.408604, 50.9106206 ], [ -1.4085164, 50.9106383 ], [ -1.4084909, 50.9105572 ], [ -1.4085119, 50.9105545 ], [ -1.4085016, 50.9105174 ], [ -1.408484, 50.9105196 ], [ -1.4084685, 50.9104702 ], [ -1.4084866, 50.9104672 ], [ -1.4084732, 50.9104325 ], [ -1.408483, 50.9104008 ], [ -1.4086719, 50.9103654 ], [ -1.4087242, 50.9104845 ], [ -1.4087395, 50.9105424 ], [ -1.4087293, 50.9105834 ] ] ] } },
{ "type": "Feature", "properties": { "leisure": "park", "name": null, "access": "yes" }, "geometry": { "type": "Polygon", "coordinates": [ [ [ -1.4457411, 50.9252363 ], [ -1.4456799, 50.9252698 ], [ -1.4456311, 50.9252343 ], [ -1.4456923, 50.9252008 ], [ -1.4457411, 50.9252363 ] ] ] } },
{ "type": "Feature", "properties": { "leisure": "park", "name": null, "access": "yes" }, "geometry": { "type": "Polygon", "coordinates": [ [ [ -1.4415022, 50.9270608 ], [ -1.4414301, 50.9270598 ], [ -1.4413973, 50.927046 ], [ -1.4414848, 50.92699 ], [ -1.4415217, 50.9269391 ], [ -1.4414998, 50.926865 ], [ -1.441452, 50.9268013 ], [ -1.4414577, 50.9267788 ], [ -1.4421672, 50.9268134 ], [ -1.4422106, 50.9268446 ], [ -1.4427414, 50.9271307 ], [ -1.4427606, 50.9272085 ], [ -1.442766, 50.9272304 ], [ -1.4428351, 50.9275111 ], [ -1.4432741, 50.9280547 ], [ -1.4443735, 50.928555 ], [ -1.4444842, 50.9284788 ], [ -1.4445757, 50.9285319 ], [ -1.4453587, 50.9289859 ], [ -1.4452144, 50.9291384 ], [ -1.4452887, 50.9293546 ], [ -1.4453512, 50.9295363 ], [ -1.4458376, 50.9298923 ], [ -1.4458809, 50.929924 ], [ -1.4461664, 50.9298115 ], [ -1.4464224, 50.9301839 ], [ -1.4465374, 50.9306312 ], [ -1.446611, 50.9308789 ], [ -1.4465935, 50.9309736 ], [ -1.4465344, 50.9309892 ], [ -1.4462796, 50.9306365 ], [ -1.4457646, 50.9306046 ], [ -1.4454503, 50.9312621 ], [ -1.4452787, 50.9314835 ], [ -1.4452706, 50.931563 ], [ -1.4455254, 50.9317405 ], [ -1.4457159, 50.9317996 ], [ -1.4453001, 50.9320583 ], [ -1.4452617, 50.9320837 ], [ -1.4447127, 50.9324365 ], [ -1.4444311, 50.9327479 ], [ -1.4444686, 50.9332094 ], [ -1.444453, 50.9332331 ], [ -1.4443722, 50.9332162 ], [ -1.4442869, 50.9332059 ], [ -1.444341, 50.9332684 ], [ -1.4441528, 50.9332228 ], [ -1.443872, 50.9331547 ], [ -1.4443059, 50.9321367 ], [ -1.4447756, 50.9310346 ], [ -1.4448521, 50.930855 ], [ -1.4449888, 50.9304202 ], [ -1.4448834, 50.9299998 ], [ -1.4447759, 50.929912 ], [ -1.4446058, 50.9297733 ], [ -1.4441058, 50.9294276 ], [ -1.443077, 50.9288697 ], [ -1.4430263, 50.9288444 ], [ -1.442946, 50.9289068 ], [ -1.4421967, 50.9284567 ], [ -1.4422081, 50.9283499 ], [ -1.4420003, 50.9281707 ], [ -1.4418697, 50.9280549 ], [ -1.4420531, 50.9277937 ], [ -1.4421931, 50.927655 ], [ -1.4422833, 50.9276183 ], [ -1.4423723, 50.927574 ], [ -1.4424435, 50.9274979 ], [ -1.4424405, 50.9274347 ], [ -1.4424101, 50.9273745 ], [ -1.4423196, 50.9273236 ], [ -1.4422376, 50.9272996 ], [ -1.4421421, 50.9272954 ], [ -1.442114, 50.9272973 ], [ -1.4420844, 50.9272928 ], [ -1.4420427, 50.9272788 ], [ -1.4419139, 50.9271628 ], [ -1.441727, 50.9271056 ], [ -1.4415022, 50.9270608 ] ] ] } },
{ "type": "Feature", "properties": { "leisure": "park", "name": "Shirley Pond Park", "access": "yes" }, "geometry": { "type": "Polygon", "coordinates": [ [ [ -1.4415022, 50.9270608 ], [ -1.4414741, 50.9271009 ], [ -1.4414685, 50.9271089 ], [ -1.4413537, 50.9272728 ], [ -1.4413391, 50.9272937 ], [ -1.4402926, 50.9272395 ], [ -1.4399382, 50.9272348 ], [ -1.4393304, 50.9273309 ], [ -1.4392932, 50.9273978 ], [ -1.4391685, 50.927456 ], [ -1.4390236, 50.9274942 ], [ -1.4389446, 50.9275018 ], [ -1.438341, 50.9275559 ], [ -1.4380901, 50.9275204 ], [ -1.4376275, 50.9275863 ], [ -1.4374998, 50.9274759 ], [ -1.4371735, 50.9275741 ], [ -1.4371096, 50.9275933 ], [ -1.4367773, 50.9271479 ], [ -1.4370517, 50.927138 ], [ -1.4370726, 50.9270408 ], [ -1.4372643, 50.9270388 ], [ -1.437486, 50.9269488 ], [ -1.4374715, 50.9269122 ], [ -1.4374652, 50.9269034 ], [ -1.4377112, 50.9268347 ], [ -1.4377254, 50.9266736 ], [ -1.4381235, 50.9266897 ], [ -1.4384256, 50.9267025 ], [ -1.4384196, 50.9267976 ], [ -1.4385518, 50.9268 ], [ -1.4388048, 50.9267426 ], [ -1.4389662, 50.9267306 ], [ -1.4391193, 50.9267332 ], [ -1.4393039, 50.9267254 ], [ -1.4394502, 50.9267211 ], [ -1.4395786, 50.9267067 ], [ -1.4396211, 50.9266659 ], [ -1.4397231, 50.926658 ], [ -1.4397488, 50.9265695 ], [ -1.440097, 50.9266092 ], [ -1.4403384, 50.9266238 ], [ -1.4405377, 50.9266202 ], [ -1.4407302, 50.9266141 ], [ -1.4408955, 50.9265995 ], [ -1.4410536, 50.9265763 ], [ -1.4411283, 50.9265621 ], [ -1.4411594, 50.9265547 ], [ -1.4414577, 50.9267788 ], [ -1.441452, 50.9268013 ], [ -1.4414998, 50.926865 ], [ -1.4415217, 50.9269391 ], [ -1.4414848, 50.92699 ], [ -1.4413973, 50.927046 ], [ -1.4414301, 50.9270598 ], [ -1.4415022, 50.9270608 ] ] ] } },
{ "type": "Feature", "properties": { "leisure": "garden", "name": null, "access": "yes" }, "geometry": { "type": "Polygon", "coordinates": [ [ [ -1.3267324, 50.9102222 ], [ -1.326574, 50.9100476 ], [ -1.3266058, 50.9100362 ], [ -1.3265836, 50.9100118 ], [ -1.3264229, 50.9100697 ], [ -1.3264022, 50.9100468 ], [ -1.3263762, 50.9100562 ], [ -1.3265775, 50.9102781 ], [ -1.3267324, 50.9102222 ] ] ] } },
{ "type": "Feature", "properties": { "leisure": "garden", "name": null, "access": "yes" }, "geometry": { "type": "Polygon", "coordinates": [ [ [ -1.3909084, 50.9441301 ], [ -1.3909089, 50.9441227 ], [ -1.3909184, 50.9441243 ], [ -1.3909241, 50.944068 ], [ -1.3909129, 50.9440648 ], [ -1.3907064, 50.9440307 ], [ -1.3906682, 50.944114 ], [ -1.3908494, 50.9441274 ], [ -1.3909084, 50.9441301 ] ] ] } },
{ "type": "Feature", "properties": { "leisure": "garden", "name": null, "access": "yes" }, "geometry": { "type": "Polygon", "coordinates": [ [ [ -1.3908473, 50.9441445 ], [ -1.3908494, 50.9441274 ], [ -1.3906682, 50.944114 ], [ -1.390666, 50.944141 ], [ -1.3907347, 50.9441445 ], [ -1.3907326, 50.9441613 ], [ -1.3907615, 50.9441632 ], [ -1.3907647, 50.9441399 ], [ -1.3908473, 50.9441445 ] ] ] } },
{ "type": "Feature", "properties": { "leisure": "garden", "name": null, "access": "yes" }, "geometry": { "type": "Polygon", "coordinates": [ [ [ -1.3908973, 50.9442681 ], [ -1.3908967, 50.9442274 ], [ -1.390823, 50.9442232 ], [ -1.3908152, 50.9442655 ], [ -1.3908973, 50.9442681 ] ] ] } },
{ "type": "Feature", "properties": { "leisure": "garden", "name": null, "access": "yes" }, "geometry": { "type": "Polygon", "coordinates": [ [ [ -1.4380228, 50.9207239 ], [ -1.4380241, 50.9206716 ], [ -1.4379364, 50.9206707 ], [ -1.437935, 50.920723 ], [ -1.4380228, 50.9207239 ] ] ] } },
{ "type": "Feature", "properties": { "leisure": "garden", "name": null, "access": "yes" }, "geometry": { "type": "Polygon", "coordinates": [ [ [ -1.4386155, 50.9207286 ], [ -1.4386192, 50.9206634 ], [ -1.4385118, 50.920661 ], [ -1.4385081, 50.9207262 ], [ -1.4386155, 50.9207286 ] ] ] } },
{ "type": "Feature", "properties": { "leisure": "park", "name": null, "access": "yes" }, "geometry": { "type": "Polygon", "coordinates": [ [ [ -1.4515555, 50.9326615 ], [ -1.4510844, 50.9321213 ], [ -1.4504862, 50.9323728 ], [ -1.4507753, 50.9326702 ], [ -1.4508724, 50.9327051 ], [ -1.4511788, 50.9326077 ], [ -1.4512901, 50.9327652 ], [ -1.4515555, 50.9326615 ] ] ] } },
{ "type": "Feature", "properties": { "leisure": "garden", "name": null, "access": "yes" }, "geometry": { "type": "Polygon", "coordinates": [ [ [ -1.433106, 50.9254262 ], [ -1.4329392, 50.9253757 ], [ -1.4327824, 50.9255811 ], [ -1.4329493, 50.9256317 ], [ -1.433106, 50.9254262 ] ] ] } },
{ "type": "Feature", "properties": { "leisure": "park", "name": null, "access": "yes" }, "geometry": { "type": "Polygon", "coordinates": [ [ [ -1.385501, 50.9147168 ], [ -1.3855394, 50.9147359 ], [ -1.3857487, 50.9147992 ], [ -1.3857073, 50.914837 ], [ -1.385543, 50.915005 ], [ -1.3854047, 50.9151512 ], [ -1.3852377, 50.9153247 ], [ -1.3852256, 50.9153194 ], [ -1.3851919, 50.9152874 ], [ -1.3850942, 50.9154004 ], [ -1.3851526, 50.915412 ], [ -1.3849212, 50.9156391 ], [ -1.3847391, 50.9158158 ], [ -1.3846427, 50.9159151 ], [ -1.3845019, 50.9160515 ], [ -1.384263, 50.9162876 ], [ -1.3841328, 50.9164134 ], [ -1.3840838, 50.916419 ], [ -1.3848872, 50.9154728 ], [ -1.3850189, 50.9153746 ], [ -1.3850288, 50.9153631 ], [ -1.3851166, 50.9152616 ], [ -1.3851473, 50.9152196 ], [ -1.3852194, 50.9151121 ], [ -1.385399, 50.9148813 ], [ -1.385501, 50.9147168 ] ] ] } },
{ "type": "Feature", "properties": { "leisure": "park", "name": null, "access": "yes" }, "geometry": { "type": "Polygon", "coordinates": [ [ [ -1.3873673, 50.8998891 ], [ -1.3875189, 50.8997715 ], [ -1.3874505, 50.8997724 ], [ -1.3874397, 50.8996607 ], [ -1.3873137, 50.8996633 ], [ -1.3873096, 50.8996066 ], [ -1.3872413, 50.8996057 ], [ -1.3872372, 50.899467 ], [ -1.3872096, 50.8995038 ], [ -1.3872178, 50.8998597 ], [ -1.3873673, 50.8998891 ] ] ] } },
{ "type": "Feature", "properties": { "leisure": "park", "name": null, "access": "yes" }, "geometry": { "type": "Polygon", "coordinates": [ [ [ -1.4031491, 50.9049141 ], [ -1.4031851, 50.9048896 ], [ -1.4031823, 50.9046276 ], [ -1.4031517, 50.9045713 ], [ -1.4031129, 50.9045407 ], [ -1.4030402, 50.9045078 ], [ -1.40295, 50.904486 ], [ -1.402735, 50.9044874 ], [ -1.4026996, 50.9045077 ], [ -1.4026913, 50.9049079 ], [ -1.4031491, 50.9049141 ] ] ] } },
{ "type": "Feature", "properties": { "leisure": "garden", "name": null, "access": "yes" }, "geometry": { "type": "Polygon", "coordinates": [ [ [ -1.3765406, 50.9179776 ], [ -1.3763691, 50.9179337 ], [ -1.3764119, 50.9178701 ], [ -1.3765084, 50.9179058 ], [ -1.3765742, 50.9179639 ], [ -1.3765406, 50.9179776 ] ] ] } },
{ "type": "Feature", "properties": { "leisure": "park", "name": null, "access": "yes" }, "geometry": { "type": "Polygon", "coordinates": [ [ [ -1.4289399, 50.9158995 ], [ -1.4289862, 50.9159373 ], [ -1.429056, 50.9159478 ], [ -1.4296561, 50.9157214 ], [ -1.4295963, 50.9156604 ], [ -1.4292103, 50.9158045 ], [ -1.4291837, 50.9158127 ], [ -1.4289399, 50.9158995 ] ] ] } },
{ "type": "Feature", "properties": { "leisure": "garden", "name": null, "access": "yes" }, "geometry": { "type": "Polygon", "coordinates": [ [ [ -1.4291435, 50.9157334 ], [ -1.4290021, 50.9156047 ], [ -1.4290655, 50.9154771 ], [ -1.4293136, 50.9153858 ], [ -1.4295294, 50.9155892 ], [ -1.4291435, 50.9157334 ] ] ] } },
{ "type": "Feature", "properties": { "leisure": "garden", "name": null, "access": "yes" }, "geometry": { "type": "Polygon", "coordinates": [ [ [ -1.3556204, 50.9220604 ], [ -1.3556499, 50.9220296 ], [ -1.3556117, 50.9219914 ], [ -1.3554222, 50.9219286 ], [ -1.3553727, 50.9219721 ], [ -1.3556204, 50.9220604 ] ] ] } },
{ "type": "Feature", "properties": { "leisure": "park", "name": null, "access": "yes" }, "geometry": { "type": "Polygon", "coordinates": [ [ [ -1.4518222, 50.9304645 ], [ -1.451686, 50.9307399 ], [ -1.4517856, 50.9307989 ], [ -1.4519909, 50.9310436 ], [ -1.4521332, 50.9310654 ], [ -1.4523141, 50.9312665 ], [ -1.4524031, 50.9312235 ], [ -1.4524244, 50.931076 ], [ -1.452498, 50.9309032 ], [ -1.4522389, 50.9305606 ], [ -1.4518222, 50.9304645 ] ] ] } },
{ "type": "Feature", "properties": { "leisure": "garden", "name": null, "access": "permissive" }, "geometry": { "type": "Polygon", "coordinates": [ [ [ -1.3870936, 50.9391515 ], [ -1.3876074, 50.9391714 ], [ -1.3876667, 50.9391627 ], [ -1.3876936, 50.9391462 ], [ -1.3877037, 50.9391316 ], [ -1.3877122, 50.9390448 ], [ -1.3876675, 50.9390671 ], [ -1.3876466, 50.9390672 ], [ -1.387606, 50.939066 ], [ -1.3876039, 50.9390925 ], [ -1.3875473, 50.9390907 ], [ -1.3875453, 50.9391166 ], [ -1.3872033, 50.939106 ], [ -1.3872038, 50.9390993 ], [ -1.3870955, 50.9390961 ], [ -1.3870936, 50.9391515 ] ] ] } },
{ "type": "Feature", "properties": { "leisure": "garden", "name": "Moorlands Communty Centre Garden", "access": "yes" }, "geometry": { "type": "Polygon", "coordinates": [ [ [ -1.3535387, 50.9261861 ], [ -1.3537462, 50.9260823 ], [ -1.3536271, 50.9259865 ], [ -1.3534132, 50.9260883 ], [ -1.3535387, 50.9261861 ] ] ] } },
{ "type": "Feature", "properties": { "leisure": "garden", "name": "Rope Walk Community Garden", "access": "yes" }, "geometry": { "type": "Polygon", "coordinates": [ [ [ -1.3970806, 50.9099939 ], [ -1.3970884, 50.9101295 ], [ -1.3965724, 50.9101405 ], [ -1.3962797, 50.9101445 ], [ -1.3958649, 50.9101469 ], [ -1.3956757, 50.9101418 ], [ -1.3956666, 50.9100196 ], [ -1.3960265, 50.9100113 ], [ -1.3966653, 50.9100001 ], [ -1.3970806, 50.9099939 ] ] ] } },
{ "type": "Feature", "properties": { "leisure": "garden", "name": null, "access": "yes" }, "geometry": { "type": "Polygon", "coordinates": [ [ [ -1.4294684, 50.9288557 ], [ -1.4294294, 50.9288157 ], [ -1.429357, 50.9288438 ], [ -1.429396, 50.9288838 ], [ -1.4294684, 50.9288557 ] ] ] } },
{ "type": "Feature", "properties": { "leisure": "garden", "name": null, "access": "yes" }, "geometry": { "type": "Polygon", "coordinates": [ [ [ -1.4095663, 50.9055968 ], [ -1.4095905, 50.9056071 ], [ -1.4096188, 50.9056119 ], [ -1.4096479, 50.9056107 ], [ -1.4096748, 50.9056036 ], [ -1.4096966, 50.9055913 ], [ -1.4097109, 50.9055753 ], [ -1.4097162, 50.9055572 ], [ -1.4097119, 50.905539 ], [ -1.4096984, 50.9055227 ], [ -1.4096773, 50.90551 ], [ -1.4096508, 50.9055023 ], [ -1.4096218, 50.9055004 ], [ -1.4095934, 50.9055046 ], [ -1.4095686, 50.9055144 ], [ -1.4095502, 50.9055287 ], [ -1.4095403, 50.9055461 ], [ -1.4095397, 50.9055645 ], [ -1.4095488, 50.905582 ], [ -1.4095663, 50.9055968 ] ] ] } },
{ "type": "Feature", "properties": { "leisure": "garden", "name": null, "access": "yes" }, "geometry": { "type": "Polygon", "coordinates": [ [ [ -1.4090807, 50.9055662 ], [ -1.4090503, 50.9055389 ], [ -1.4091064, 50.9055124 ], [ -1.4091519, 50.9054719 ], [ -1.4091764, 50.9054211 ], [ -1.4091787, 50.9053836 ], [ -1.4091566, 50.905332 ], [ -1.4091659, 50.9053011 ], [ -1.4091939, 50.9052768 ], [ -1.4092079, 50.9052746 ], [ -1.4092395, 50.9053033 ], [ -1.4092546, 50.9053674 ], [ -1.4092675, 50.9054197 ], [ -1.4092535, 50.9054697 ], [ -1.4092021, 50.9055176 ], [ -1.4090807, 50.9055662 ] ] ] } },
{ "type": "Feature", "properties": { "leisure": "garden", "name": null, "access": "yes" }, "geometry": { "type": "Polygon", "coordinates": [ [ [ -1.4068802, 50.9065275 ], [ -1.4069209, 50.9065291 ], [ -1.4069561, 50.9064952 ], [ -1.4068994, 50.9064702 ], [ -1.4068869, 50.9064601 ], [ -1.4069325, 50.9064293 ], [ -1.4069257, 50.9064059 ], [ -1.4069112, 50.9063746 ], [ -1.4068722, 50.9063601 ], [ -1.4068359, 50.9063562 ], [ -1.4068368, 50.9063807 ], [ -1.4068067, 50.9063852 ], [ -1.4067935, 50.9063997 ], [ -1.4067882, 50.9064148 ], [ -1.4068064, 50.9064608 ], [ -1.4068552, 50.9065153 ], [ -1.4068802, 50.9065275 ] ] ] } },
{ "type": "Feature", "properties": { "leisure": "garden", "name": null, "access": "yes" }, "geometry": { "type": "Polygon", "coordinates": [ [ [ -1.429882, 50.9145806 ], [ -1.4298733, 50.914574 ], [ -1.4296558, 50.9143437 ], [ -1.4295993, 50.914366 ], [ -1.4295903, 50.9143645 ], [ -1.4295767, 50.9142796 ], [ -1.4296107, 50.9142762 ], [ -1.4297756, 50.9142661 ], [ -1.4297783, 50.9142788 ], [ -1.4299406, 50.9142703 ], [ -1.4299411, 50.9142905 ], [ -1.4299914, 50.9142889 ], [ -1.4300107, 50.914463 ], [ -1.4299973, 50.9144901 ], [ -1.4299785, 50.9145205 ], [ -1.4299544, 50.914545 ], [ -1.4299142, 50.9145679 ], [ -1.429882, 50.9145806 ] ] ] } },
{ "type": "Feature", "properties": { "leisure": "garden", "name": "Macmillan Garden", "access": "yes" }, "geometry": { "type": "Polygon", "coordinates": [ [ [ -1.4335529, 50.9325494 ], [ -1.4333625, 50.93245 ], [ -1.4335265, 50.9323253 ], [ -1.4337168, 50.9324247 ], [ -1.433598, 50.9325151 ], [ -1.4335529, 50.9325494 ] ] ] } },
{ "type": "Feature", "properties": { "leisure": "park", "name": null, "access": "yes" }, "geometry": { "type": "Polygon", "coordinates": [ [ [ -1.3713342, 50.9410261 ], [ -1.3713755, 50.9409427 ], [ -1.3709818, 50.9408654 ], [ -1.3709178, 50.9408859 ], [ -1.3708974, 50.9409 ], [ -1.370893, 50.940909 ], [ -1.3708792, 50.9409368 ], [ -1.3713342, 50.9410261 ] ] ] } },
{ "type": "Feature", "properties": { "leisure": "park", "name": null, "access": "yes" }, "geometry": { "type": "Polygon", "coordinates": [ [ [ -1.3787771, 50.9009117 ], [ -1.3779566, 50.900933 ], [ -1.3779335, 50.9005916 ], [ -1.3781049, 50.9005781 ], [ -1.378106, 50.9006225 ], [ -1.3787597, 50.9006088 ], [ -1.378757, 50.90056 ], [ -1.3788063, 50.9005607 ], [ -1.3788309, 50.9005781 ], [ -1.3788586, 50.9006015 ], [ -1.3788536, 50.9006252 ], [ -1.3788436, 50.9006574 ], [ -1.3788004, 50.9006533 ], [ -1.3787407, 50.9008602 ], [ -1.3788029, 50.9008664 ], [ -1.3787771, 50.9009117 ] ] ] } },
{ "type": "Feature", "properties": { "leisure": "garden", "name": "Clovelly Road Community Garden", "access": "yes" }, "geometry": { "type": "Polygon", "coordinates": [ [ [ -1.3961799, 50.9111471 ], [ -1.396181, 50.9111203 ], [ -1.3958755, 50.9111154 ], [ -1.395875, 50.9111287 ], [ -1.3958722, 50.911203 ], [ -1.3958704, 50.9112502 ], [ -1.3958665, 50.9113535 ], [ -1.3960532, 50.9113565 ], [ -1.396056, 50.9112849 ], [ -1.395937, 50.911283 ], [ -1.3959383, 50.9112509 ], [ -1.3959542, 50.9112512 ], [ -1.3959557, 50.9112129 ], [ -1.3961771, 50.9112165 ], [ -1.3961799, 50.9111471 ] ] ] } },
{ "type": "Feature", "properties": { "leisure": "park", "name": null, "access": "yes" }, "geometry": { "type": "Polygon", "coordinates": [ [ [ -1.3871896, 50.9136439 ], [ -1.3870714, 50.9137708 ], [ -1.3873199, 50.9138563 ], [ -1.387426, 50.9138417 ], [ -1.387477, 50.9138561 ], [ -1.3875369, 50.9138926 ], [ -1.3876432, 50.9138658 ], [ -1.3878662, 50.9134414 ], [ -1.3882006, 50.9128675 ], [ -1.388125, 50.9128099 ], [ -1.3877835, 50.9127332 ], [ -1.3876361, 50.9130094 ], [ -1.3876643, 50.9130136 ], [ -1.3871896, 50.9136439 ] ] ] } },
{ "type": "Feature", "properties": { "leisure": "park", "name": "Arundel Gardens", "access": "yes" }, "geometry": { "type": "Polygon", "coordinates": [ [ [ -1.4053696, 50.9020204 ], [ -1.4054873, 50.9021363 ], [ -1.4055834, 50.9022599 ], [ -1.4056261, 50.9023577 ], [ -1.4056391, 50.902387 ], [ -1.4056591, 50.9024253 ], [ -1.4056893, 50.9024913 ], [ -1.4056943, 50.9025023 ], [ -1.4057007, 50.9025162 ], [ -1.4057207, 50.90257 ], [ -1.4057424, 50.902628 ], [ -1.4059268, 50.9026183 ], [ -1.4060291, 50.9026044 ], [ -1.4060476, 50.902597 ], [ -1.406055, 50.9025859 ], [ -1.4060696, 50.9025765 ], [ -1.4060014, 50.9023182 ], [ -1.4059915, 50.9022809 ], [ -1.4059863, 50.9022361 ], [ -1.4059817, 50.9021958 ], [ -1.4059662, 50.9020499 ], [ -1.4059477, 50.9020371 ], [ -1.4058769, 50.9020062 ], [ -1.4058314, 50.901996 ], [ -1.4057718, 50.9019894 ], [ -1.4057564, 50.9019874 ], [ -1.4057414, 50.9019852 ], [ -1.4057125, 50.9019808 ], [ -1.405619, 50.9019697 ], [ -1.4055787, 50.9019703 ], [ -1.4054733, 50.90197 ], [ -1.4053963, 50.9020074 ], [ -1.4053696, 50.9020204 ] ] ] } },
{ "type": "Feature", "properties": { "leisure": "park", "name": "Swaythling Station Wildlife Garden", "access": "yes" }, "geometry": { "type": "Polygon", "coordinates": [ [ [ -1.3763901, 50.941076 ], [ -1.3763714, 50.9410689 ], [ -1.3767026, 50.9406907 ], [ -1.3767791, 50.9407198 ], [ -1.3767222, 50.9407762 ], [ -1.3766829, 50.940763 ], [ -1.3763901, 50.941076 ] ] ] } },
{ "type": "Feature", "properties": { "leisure": "park", "name": "Swaythling Station: Old Station Masters Garden", "access": "yes" }, "geometry": { "type": "Polygon", "coordinates": [ [ [ -1.3761978, 50.9412815 ], [ -1.3761353, 50.9412604 ], [ -1.3760879, 50.9412474 ], [ -1.3760715, 50.9412662 ], [ -1.3761181, 50.9412846 ], [ -1.3759543, 50.9414522 ], [ -1.3760061, 50.9414774 ], [ -1.3760222, 50.9414692 ], [ -1.3761978, 50.9412815 ] ] ] } },
{ "type": "Feature", "properties": { "leisure": "park", "name": "McArthur Park", "access": "yes" }, "geometry": { "type": "Polygon", "coordinates": [ [ [ -1.357711, 50.9209026 ], [ -1.3575951, 50.9210138 ], [ -1.3575165, 50.9211251 ], [ -1.3576972, 50.9211784 ], [ -1.3576604, 50.9212258 ], [ -1.3577891, 50.9212618 ], [ -1.3577096, 50.9213647 ], [ -1.3575243, 50.921285 ], [ -1.3573899, 50.9210938 ], [ -1.3571091, 50.9209133 ], [ -1.3567859, 50.9206814 ], [ -1.3567469, 50.920519 ], [ -1.356652, 50.9205097 ], [ -1.3566728, 50.9205005 ], [ -1.3568359, 50.9203002 ], [ -1.3568929, 50.9203233 ], [ -1.3571871, 50.9199303 ], [ -1.3574035, 50.9200442 ], [ -1.3573783, 50.9200587 ], [ -1.3574826, 50.9201405 ], [ -1.3574137, 50.9202694 ], [ -1.3573201, 50.9203856 ], [ -1.3573482, 50.9203876 ], [ -1.3576311, 50.920465 ], [ -1.3575987, 50.9205116 ], [ -1.3576985, 50.920542 ], [ -1.3576572, 50.9205984 ], [ -1.3575213, 50.9207843 ], [ -1.3576623, 50.9208285 ], [ -1.3576284, 50.9208768 ], [ -1.357711, 50.9209026 ] ] ] } },
{ "type": "Feature", "properties": { "leisure": "garden", "name": null, "access": "yes" }, "geometry": { "type": "Polygon", "coordinates": [ [ [ -1.3639044, 50.8994027 ], [ -1.3638289, 50.8994179 ], [ -1.3637865, 50.8993332 ], [ -1.3638612, 50.8993187 ], [ -1.3639044, 50.8994027 ] ] ] } },
{ "type": "Feature", "properties": { "leisure": "garden", "name": null, "access": "yes" }, "geometry": { "type": "Polygon", "coordinates": [ [ [ -1.3638289, 50.8994179 ], [ -1.3637567, 50.8994325 ], [ -1.3637127, 50.8993476 ], [ -1.3637865, 50.8993332 ], [ -1.3638289, 50.8994179 ] ] ] } },
{ "type": "Feature", "properties": { "leisure": "garden", "name": null, "access": "yes" }, "geometry": { "type": "Polygon", "coordinates": [ [ [ -1.3637567, 50.8994325 ], [ -1.3636862, 50.8994463 ], [ -1.3636408, 50.8993615 ], [ -1.3637127, 50.8993476 ], [ -1.3637567, 50.8994325 ] ] ] } },
{ "type": "Feature", "properties": { "leisure": "garden", "name": null, "access": "yes" }, "geometry": { "type": "Polygon", "coordinates": [ [ [ -1.3636862, 50.8994463 ], [ -1.3636101, 50.8994614 ], [ -1.3635643, 50.8993764 ], [ -1.3636408, 50.8993615 ], [ -1.3636862, 50.8994463 ] ] ] } },
{ "type": "Feature", "properties": { "leisure": "garden", "name": null, "access": "yes" }, "geometry": { "type": "Polygon", "coordinates": [ [ [ -1.3640534, 50.8994334 ], [ -1.3641299, 50.8994267 ], [ -1.3641324, 50.8994371 ], [ -1.3640381, 50.8994777 ], [ -1.3640054, 50.899488 ], [ -1.3639678, 50.8994967 ], [ -1.3639013, 50.8993624 ], [ -1.363989, 50.8993554 ], [ -1.3639941, 50.8993806 ], [ -1.3640337, 50.8993771 ], [ -1.3640392, 50.8994019 ], [ -1.3640464, 50.8994013 ], [ -1.3640534, 50.8994334 ] ] ] } },
{ "type": "Feature", "properties": { "leisure": "garden", "name": null, "access": "yes" }, "geometry": { "type": "Polygon", "coordinates": [ [ [ -1.3639947, 50.8993009 ], [ -1.3639939, 50.8992951 ], [ -1.3639708, 50.8992972 ], [ -1.3638718, 50.8993028 ], [ -1.3639013, 50.8993624 ], [ -1.363989, 50.8993554 ], [ -1.3640277, 50.8993522 ], [ -1.3640224, 50.8993263 ], [ -1.3640002, 50.899328 ], [ -1.3639947, 50.8993009 ] ] ] } },
{ "type": "Feature", "properties": { "leisure": "garden", "name": null, "access": "yes" }, "geometry": { "type": "Polygon", "coordinates": [ [ [ -1.3639708, 50.8992972 ], [ -1.3638718, 50.8993028 ], [ -1.3636698, 50.8993411 ], [ -1.3636351, 50.899272 ], [ -1.3639594, 50.8992474 ], [ -1.3639708, 50.8992972 ] ] ] } },
{ "type": "Feature", "properties": { "leisure": "garden", "name": null, "access": "yes" }, "geometry": { "type": "Polygon", "coordinates": [ [ [ -1.3639594, 50.8992474 ], [ -1.3639473, 50.899195 ], [ -1.3639465, 50.8991894 ], [ -1.3639042, 50.8991931 ], [ -1.3636081, 50.8992183 ], [ -1.3636351, 50.899272 ], [ -1.3639594, 50.8992474 ] ] ] } },
{ "type": "Feature", "properties": { "leisure": "garden", "name": null, "access": "yes" }, "geometry": { "type": "Polygon", "coordinates": [ [ [ -1.3639042, 50.8991931 ], [ -1.3639023, 50.8991844 ], [ -1.3638519, 50.8991887 ], [ -1.363842, 50.899143 ], [ -1.3635823, 50.8991667 ], [ -1.3636081, 50.8992183 ], [ -1.3639042, 50.8991931 ] ] ] } },
{ "type": "Feature", "properties": { "leisure": "garden", "name": null, "access": "yes" }, "geometry": { "type": "Polygon", "coordinates": [ [ [ -1.363842, 50.899143 ], [ -1.3638347, 50.8991004 ], [ -1.3638808, 50.8990966 ], [ -1.3638791, 50.899088 ], [ -1.3638775, 50.8990819 ], [ -1.3638655, 50.8990831 ], [ -1.3638533, 50.8990811 ], [ -1.3634644, 50.899115 ], [ -1.3634804, 50.8991454 ], [ -1.363563, 50.8991283 ], [ -1.3635823, 50.8991667 ], [ -1.363842, 50.899143 ] ] ] } },
{ "type": "Feature", "properties": { "leisure": "garden", "name": null, "access": "yes" }, "geometry": { "type": "Polygon", "coordinates": [ [ [ -1.3634329, 50.8992365 ], [ -1.3634396, 50.8992358 ], [ -1.3633912, 50.8991467 ], [ -1.3632798, 50.8991695 ], [ -1.3633169, 50.8992462 ], [ -1.3633208, 50.8992567 ], [ -1.3633276, 50.8992554 ], [ -1.3633242, 50.8992488 ], [ -1.363333, 50.8992385 ], [ -1.3633997, 50.8992262 ], [ -1.3634178, 50.8992313 ], [ -1.3634216, 50.8992388 ], [ -1.3634329, 50.8992365 ] ] ] } },
{ "type": "Feature", "properties": { "leisure": "garden", "name": null, "access": "yes" }, "geometry": { "type": "Polygon", "coordinates": [ [ [ -1.3633169, 50.8992462 ], [ -1.3632322, 50.8992633 ], [ -1.3631937, 50.8991872 ], [ -1.3632798, 50.8991695 ], [ -1.3633169, 50.8992462 ] ] ] } },
{ "type": "Feature", "properties": { "leisure": "garden", "name": null, "access": "yes" }, "geometry": { "type": "Polygon", "coordinates": [ [ [ -1.3632322, 50.8992633 ], [ -1.3631553, 50.8992792 ], [ -1.3631138, 50.8992035 ], [ -1.3631937, 50.8991872 ], [ -1.3632322, 50.8992633 ] ] ] } },
{ "type": "Feature", "properties": { "leisure": "garden", "name": null, "access": "yes" }, "geometry": { "type": "Polygon", "coordinates": [ [ [ -1.3631553, 50.8992792 ], [ -1.3630767, 50.8992959 ], [ -1.3630479, 50.8992384 ], [ -1.3629643, 50.8992568 ], [ -1.3629799, 50.899231 ], [ -1.3631138, 50.8992035 ], [ -1.3631553, 50.8992792 ] ] ] } },
{ "type": "Feature", "properties": { "leisure": "park", "name": null, "access": "yes" }, "geometry": { "type": "Polygon", "coordinates": [ [ [ -1.4035707, 50.8957802 ], [ -1.4034586, 50.8957565 ], [ -1.4034641, 50.8956276 ], [ -1.403543, 50.8956241 ], [ -1.403579, 50.8956706 ], [ -1.4035707, 50.8957802 ] ] ] } },
{ "type": "Feature", "properties": { "leisure": "garden", "name": null, "access": "yes" }, "geometry": { "type": "Polygon", "coordinates": [ [ [ -1.3837299, 50.8938422 ], [ -1.3836452, 50.893816 ], [ -1.3836621, 50.8937159 ], [ -1.3828549, 50.8934351 ], [ -1.3828062, 50.8934929 ], [ -1.3827028, 50.8936128 ], [ -1.3837227, 50.8939631 ], [ -1.3837299, 50.8938422 ] ] ] } },
{ "type": "Feature", "properties": { "leisure": "garden", "name": null, "access": "yes" }, "geometry": { "type": "Polygon", "coordinates": [ [ [ -1.4229995, 50.9102605 ], [ -1.4231401, 50.9102754 ], [ -1.4230917, 50.9104788 ], [ -1.4229764, 50.9104661 ], [ -1.4229837, 50.9103637 ], [ -1.42304, 50.9103642 ], [ -1.4230414, 50.9103293 ], [ -1.4229995, 50.9102605 ] ] ] } },
{ "type": "Feature", "properties": { "leisure": "garden", "name": null, "access": "yes" }, "geometry": { "type": "Polygon", "coordinates": [ [ [ -1.4066448, 50.9058745 ], [ -1.4066863, 50.9060077 ], [ -1.40668, 50.9059517 ], [ -1.4066095, 50.9056393 ], [ -1.4065929, 50.9056373 ], [ -1.406568, 50.9056537 ], [ -1.4066167, 50.9057971 ], [ -1.4066448, 50.9058745 ] ] ] } },
{ "type": "Feature", "properties": { "leisure": "garden", "name": null, "access": "yes" }, "geometry": { "type": "Polygon", "coordinates": [ [ [ -1.4072956, 50.9067716 ], [ -1.40708, 50.9066655 ], [ -1.4070764, 50.9066488 ], [ -1.4070886, 50.9066276 ], [ -1.4071182, 50.9066128 ], [ -1.407251, 50.9065972 ], [ -1.4072956, 50.9067716 ] ] ] } },
{ "type": "Feature", "properties": { "leisure": "garden", "name": null, "access": "yes" }, "geometry": { "type": "Polygon", "coordinates": [ [ [ -1.3287638, 50.9090086 ], [ -1.3287315, 50.9089721 ], [ -1.3289072, 50.9089097 ], [ -1.3289964, 50.9088777 ], [ -1.3290886, 50.9088456 ], [ -1.3291837, 50.9088132 ], [ -1.3291882, 50.9088117 ], [ -1.3291928, 50.9088101 ], [ -1.3293526, 50.9087554 ], [ -1.3293852, 50.9087939 ], [ -1.3287638, 50.9090086 ] ] ] } },
{ "type": "Feature", "properties": { "leisure": "garden", "name": null, "access": "yes" }, "geometry": { "type": "Polygon", "coordinates": [ [ [ -1.3287475, 50.9080944 ], [ -1.3286563, 50.908129 ], [ -1.3286272, 50.9080964 ], [ -1.3285848, 50.9081267 ], [ -1.3286464, 50.9082019 ], [ -1.3287063, 50.9081808 ], [ -1.3287961, 50.9081494 ], [ -1.328785, 50.9081379 ], [ -1.3287475, 50.9080944 ] ] ] } },
{ "type": "Feature", "properties": { "leisure": "garden", "name": null, "access": "yes" }, "geometry": { "type": "Polygon", "coordinates": [ [ [ -1.3286115, 50.9082142 ], [ -1.3285583, 50.9081554 ], [ -1.3285233, 50.9081839 ], [ -1.3285674, 50.9082351 ], [ -1.3285248, 50.9082527 ], [ -1.3285724, 50.9083087 ], [ -1.3286675, 50.9082763 ], [ -1.3286115, 50.9082142 ] ] ] } },
{ "type": "Feature", "properties": { "leisure": "garden", "name": null, "access": "yes" }, "geometry": { "type": "Polygon", "coordinates": [ [ [ -1.3285724, 50.9083087 ], [ -1.3285248, 50.9082527 ], [ -1.3284885, 50.9082114 ], [ -1.3284592, 50.90824 ], [ -1.3284904, 50.9082755 ], [ -1.3285321, 50.908323 ], [ -1.3285724, 50.9083087 ] ] ] } },
{ "type": "Feature", "properties": { "leisure": "garden", "name": null, "access": "yes" }, "geometry": { "type": "Polygon", "coordinates": [ [ [ -1.329144, 50.9082794 ], [ -1.3292063, 50.9082569 ], [ -1.3291701, 50.9082182 ], [ -1.3291088, 50.9082411 ], [ -1.329144, 50.9082794 ] ] ] } },
{ "type": "Feature", "properties": { "leisure": "garden", "name": null, "access": "yes" }, "geometry": { "type": "Polygon", "coordinates": [ [ [ -1.3285435, 50.9084066 ], [ -1.3285319, 50.9083921 ], [ -1.3284875, 50.9083388 ], [ -1.3284315, 50.9082715 ], [ -1.3283862, 50.9083159 ], [ -1.3284791, 50.9084283 ], [ -1.3285435, 50.9084066 ] ] ] } },
{ "type": "Feature", "properties": { "leisure": "garden", "name": null, "access": "yes" }, "geometry": { "type": "Polygon", "coordinates": [ [ [ -1.3284496, 50.9084382 ], [ -1.3283604, 50.9083389 ], [ -1.3283292, 50.9083695 ], [ -1.3284034, 50.9084535 ], [ -1.3284496, 50.9084382 ] ] ] } },
{ "type": "Feature", "properties": { "leisure": "garden", "name": null, "access": "yes" }, "geometry": { "type": "Polygon", "coordinates": [ [ [ -1.3923331, 50.9013418 ], [ -1.3922314, 50.9017073 ], [ -1.3922815, 50.9017128 ], [ -1.3922697, 50.9017553 ], [ -1.3924036, 50.9017645 ], [ -1.3925236, 50.9013607 ], [ -1.3923331, 50.9013418 ] ] ] } },
{ "type": "Feature", "properties": { "leisure": "garden", "name": null, "access": "yes" }, "geometry": { "type": "Polygon", "coordinates": [ [ [ -1.3926546, 50.9007877 ], [ -1.3927077, 50.9005455 ], [ -1.3925502, 50.9005321 ], [ -1.392508, 50.9007503 ], [ -1.3925022, 50.900778 ], [ -1.3926546, 50.9007877 ] ] ] } },
{ "type": "Feature", "properties": { "leisure": "garden", "name": null, "access": "yes" }, "geometry": { "type": "Polygon", "coordinates": [ [ [ -1.3925744, 50.8999453 ], [ -1.3929803, 50.8999765 ], [ -1.3930149, 50.8998095 ], [ -1.3929609, 50.8997824 ], [ -1.3927931, 50.8996888 ], [ -1.3927168, 50.8997061 ], [ -1.3926438, 50.8997242 ], [ -1.3926345, 50.8997609 ], [ -1.3926161, 50.899759 ], [ -1.3926082, 50.8997983 ], [ -1.3925984, 50.8998415 ], [ -1.3925869, 50.8998922 ], [ -1.3925744, 50.8999453 ] ] ] } },
{ "type": "Feature", "properties": { "leisure": "garden", "name": null, "access": "yes" }, "geometry": { "type": "Polygon", "coordinates": [ [ [ -1.3928154, 50.901185 ], [ -1.3928406, 50.9010873 ], [ -1.392174, 50.901018 ], [ -1.3921517, 50.9011111 ], [ -1.3928154, 50.901185 ] ] ] } },
{ "type": "Feature", "properties": { "leisure": "garden", "name": null, "access": "yes" }, "geometry": { "type": "Polygon", "coordinates": [ [ [ -1.3517676, 50.9171271 ], [ -1.3517238, 50.9170998 ], [ -1.3517495, 50.9170509 ], [ -1.351762, 50.9170552 ], [ -1.351816, 50.9169896 ], [ -1.3518861, 50.9168956 ], [ -1.351945, 50.9168573 ], [ -1.3520343, 50.9168535 ], [ -1.3520559, 50.9168525 ], [ -1.3520788, 50.9168516 ], [ -1.3520778, 50.9168337 ], [ -1.3520809, 50.9167725 ], [ -1.3520892, 50.9167543 ], [ -1.352142, 50.9167017 ], [ -1.3523241, 50.9167623 ], [ -1.3518814, 50.9171551 ], [ -1.3517676, 50.9171271 ] ] ] } },
{ "type": "Feature", "properties": { "leisure": "garden", "name": null, "access": "yes" }, "geometry": { "type": "Polygon", "coordinates": [ [ [ -1.3501538, 50.9168817 ], [ -1.3501049, 50.9167888 ], [ -1.3501165, 50.9167786 ], [ -1.3501327, 50.9167642 ], [ -1.3503737, 50.9167076 ], [ -1.3506027, 50.9168179 ], [ -1.3505477, 50.9168283 ], [ -1.3504522, 50.9168483 ], [ -1.3504389, 50.9168227 ], [ -1.3503435, 50.9168422 ], [ -1.350249, 50.9168617 ], [ -1.3501538, 50.9168817 ] ] ] } },
{ "type": "Feature", "properties": { "leisure": "garden", "name": null, "access": "yes" }, "geometry": { "type": "Polygon", "coordinates": [ [ [ -1.350037, 50.9169117 ], [ -1.3499812, 50.9168026 ], [ -1.3496742, 50.916861 ], [ -1.3497047, 50.9169321 ], [ -1.3497304, 50.916929 ], [ -1.3498257, 50.9169094 ], [ -1.3498363, 50.9169301 ], [ -1.349931, 50.91691 ], [ -1.3499422, 50.9169317 ], [ -1.350037, 50.9169117 ] ] ] } },
{ "type": "Feature", "properties": { "leisure": "garden", "name": null, "access": "yes" }, "geometry": { "type": "Polygon", "coordinates": [ [ [ -1.3729858, 50.9425056 ], [ -1.3729002, 50.9425106 ], [ -1.3729356, 50.9424562 ], [ -1.3727973, 50.9424247 ], [ -1.3727472, 50.9424132 ], [ -1.3727266, 50.9424588 ], [ -1.372571, 50.9424025 ], [ -1.372759, 50.9422851 ], [ -1.3728684, 50.9422307 ], [ -1.3730332, 50.9421773 ], [ -1.3732288, 50.9421239 ], [ -1.3734122, 50.942088 ], [ -1.3735354, 50.9420958 ], [ -1.3741233, 50.9421297 ], [ -1.3741207, 50.9421379 ], [ -1.374077, 50.9422088 ], [ -1.3738006, 50.9423105 ], [ -1.3737823, 50.9423006 ], [ -1.373785, 50.9422007 ], [ -1.3736217, 50.9421989 ], [ -1.3736219, 50.9421924 ], [ -1.3735186, 50.9421913 ], [ -1.3735184, 50.942197 ], [ -1.3733959, 50.9421957 ], [ -1.3733961, 50.942187 ], [ -1.3732877, 50.9421858 ], [ -1.3732875, 50.9421933 ], [ -1.373187, 50.9421921 ], [ -1.3731865, 50.9422123 ], [ -1.3730301, 50.9422104 ], [ -1.3730282, 50.9422738 ], [ -1.3729908, 50.9422734 ], [ -1.3729906, 50.942281 ], [ -1.3729895, 50.9423175 ], [ -1.37298, 50.9423174 ], [ -1.3729779, 50.9423895 ], [ -1.3729891, 50.9423896 ], [ -1.3729858, 50.9425056 ] ] ] } },
{ "type": "Feature", "properties": { "leisure": "garden", "name": null, "access": "yes" }, "geometry": { "type": "Polygon", "coordinates": [ [ [ -1.411396, 50.9054793 ], [ -1.4114241, 50.9055076 ], [ -1.4113558, 50.9055435 ], [ -1.4112818, 50.9055622 ], [ -1.4107755, 50.9055812 ], [ -1.410757, 50.9055752 ], [ -1.4107403, 50.9055237 ], [ -1.4111173, 50.9055482 ], [ -1.4111783, 50.9055497 ], [ -1.4112394, 50.9055424 ], [ -1.4113002, 50.905526 ], [ -1.4113527, 50.9055032 ], [ -1.411396, 50.9054793 ] ] ] } },
{ "type": "Feature", "properties": { "leisure": "garden", "name": null, "access": "yes" }, "geometry": { "type": "Polygon", "coordinates": [ [ [ -1.4102263, 50.9054396 ], [ -1.4102152, 50.9054444 ], [ -1.4101921, 50.9054742 ], [ -1.4101926, 50.905479 ], [ -1.410298, 50.9055104 ], [ -1.4104678, 50.9055461 ], [ -1.4105347, 50.9054858 ], [ -1.4106063, 50.9054772 ], [ -1.4106114, 50.9054681 ], [ -1.410442, 50.9054562 ], [ -1.4102263, 50.9054396 ] ] ] } },
{ "type": "Feature", "properties": { "leisure": "garden", "name": null, "access": "yes" }, "geometry": { "type": "Polygon", "coordinates": [ [ [ -1.4101812, 50.9054346 ], [ -1.4101927, 50.905442 ], [ -1.4101921, 50.9054481 ], [ -1.4101764, 50.905467 ], [ -1.4101663, 50.9054689 ], [ -1.4101484, 50.9054642 ], [ -1.4100218, 50.905412 ], [ -1.4099767, 50.9053916 ], [ -1.4099971, 50.9053762 ], [ -1.4100378, 50.9053976 ], [ -1.410122, 50.905426 ], [ -1.4101812, 50.9054346 ] ] ] } },
{ "type": "Feature", "properties": { "leisure": "park", "name": null, "access": "yes" }, "geometry": { "type": "Polygon", "coordinates": [ [ [ -1.3814879, 50.9276405 ], [ -1.3816732, 50.9276087 ], [ -1.3817046, 50.9276321 ], [ -1.3818245, 50.9275987 ], [ -1.3819588, 50.9275796 ], [ -1.3819887, 50.9275608 ], [ -1.3818042, 50.9274196 ], [ -1.3824909, 50.9270815 ], [ -1.382371, 50.9269908 ], [ -1.381891, 50.9272292 ], [ -1.3819141, 50.9272442 ], [ -1.3817174, 50.9273532 ], [ -1.3814998, 50.927209 ], [ -1.3809323, 50.9271959 ], [ -1.380914, 50.9272099 ], [ -1.3808996, 50.927475 ], [ -1.3810453, 50.9274785 ], [ -1.381231, 50.9274449 ], [ -1.3813582, 50.9274606 ], [ -1.3814879, 50.9276405 ] ] ] } },
{ "type": "Feature", "properties": { "leisure": "park", "name": null, "access": "yes" }, "geometry": { "type": "Polygon", "coordinates": [ [ [ -1.379844, 50.9234581 ], [ -1.3799823, 50.9232043 ], [ -1.380293, 50.9227583 ], [ -1.3803479, 50.9227117 ], [ -1.3802731, 50.9226789 ], [ -1.3803697, 50.9225648 ], [ -1.3802735, 50.9225378 ], [ -1.380221, 50.922581 ], [ -1.3800073, 50.922665 ], [ -1.3799577, 50.9228885 ], [ -1.3798791, 50.923027 ], [ -1.3798885, 50.9230927 ], [ -1.3798383, 50.9231685 ], [ -1.3796574, 50.9234294 ], [ -1.379844, 50.9234581 ] ] ] } },
{ "type": "Feature", "properties": { "leisure": "park", "name": null, "access": "yes" }, "geometry": { "type": "Polygon", "coordinates": [ [ [ -1.4530654, 50.9458699 ], [ -1.4529033, 50.9460365 ], [ -1.4524596, 50.9457887 ], [ -1.4522929, 50.9458852 ], [ -1.4521345, 50.9459588 ], [ -1.4521075, 50.945852 ], [ -1.4522537, 50.9457881 ], [ -1.4523591, 50.9457018 ], [ -1.4524957, 50.9455881 ], [ -1.4525261, 50.9453739 ], [ -1.4526919, 50.9454294 ], [ -1.4528178, 50.9452789 ], [ -1.4529634, 50.9451048 ], [ -1.4530806, 50.9450262 ], [ -1.4533112, 50.9449056 ], [ -1.453403, 50.9448299 ], [ -1.453494, 50.9446959 ], [ -1.4535828, 50.9446231 ], [ -1.4536267, 50.9446058 ], [ -1.4536802, 50.94459 ], [ -1.4537963, 50.9445608 ], [ -1.4539739, 50.9447711 ], [ -1.4541962, 50.9448336 ], [ -1.4547322, 50.9451638 ], [ -1.4548063, 50.9452092 ], [ -1.4547684, 50.9452618 ], [ -1.4542594, 50.9455361 ], [ -1.4542636, 50.9456241 ], [ -1.4540692, 50.9456386 ], [ -1.4539045, 50.9457273 ], [ -1.4535208, 50.9455322 ], [ -1.4530654, 50.9458699 ] ] ] } },
{ "type": "Feature", "properties": { "leisure": "garden", "name": "Tudor House Garden", "access": "yes" }, "geometry": { "type": "Polygon", "coordinates": [ [ [ -1.4064038, 50.8995948 ], [ -1.4065224, 50.8995677 ], [ -1.4065712, 50.8994382 ], [ -1.4065875, 50.8993946 ], [ -1.4063445, 50.8993805 ], [ -1.4061565, 50.8993555 ], [ -1.4061557, 50.8993849 ], [ -1.4061486, 50.8994531 ], [ -1.4061422, 50.8994929 ], [ -1.4062472, 50.8995042 ], [ -1.406245, 50.8995138 ], [ -1.4062613, 50.8995281 ], [ -1.4062555, 50.8995468 ], [ -1.4062302, 50.8995568 ], [ -1.4062259, 50.8995805 ], [ -1.4063609, 50.8995941 ], [ -1.4063612, 50.8995978 ], [ -1.4064038, 50.8995948 ] ] ] } }
]
}
